{
  "lookback_pairs": 38,
  "min_boards": 2,
  "laplace_alpha": 1.0,
  "shrink_to_overall": 0.15,
  "board_rates": {
    "2": 0.2669583118888317,
    "3": 0.3518479033404406,
    "4": 0.2572330654420207,
    "5": 0.3152985074626865,
    "6": 0.1630597014925373
  },
  "overall_ge2_rate": 0.2835820895522388,
  "factor_multipliers": {
    "early_seal": 1.0121,
    "zero_zhaban": 1.08,
    "heavy_seal": 1.08,
    "big_order_seal": 0.9866,
    "weak_to_strong": 0.92
  },
  "backtest_summary": {
    "source": "15d_empirical_recalibration",
    "trade_days": 39,
    "stock_samples": 201,
    "actual_promotion_rate": 0.2835820895522388,
    "brier_before": 0.1963420939422876,
    "brier_after": 0.19472540728577367,
    "pair_days": [
      "20260427",
      "20260428",
      "20260429",
      "20260430",
      "20260506",
      "20260507",
      "20260508",
      "20260511",
      "20260512",
      "20260513",
      "20260514",
      "20260515",
      "20260518",
      "20260519",
      "20260520",
      "20260521",
      "20260522",
      "20260525",
      "20260526",
      "20260527",
      "20260528",
      "20260529",
      "20260601",
      "20260602",
      "20260603",
      "20260604",
      "20260605",
      "20260608",
      "20260609",
      "20260610",
      "20260611",
      "20260612",
      "20260615",
      "20260616",
      "20260617",
      "20260618",
      "20260622",
      "20260623",
      "20260624"
    ]
  }
}