{
  "lookback_pairs": 59,
  "min_boards": 2,
  "laplace_alpha": 1.0,
  "shrink_to_overall": 0.15,
  "board_rates": {
    "2": 0.24715470842645937,
    "3": 0.3460952987822147,
    "4": 0.3476148753894081,
    "5": 0.43254709983681944,
    "6": 0.38991154873164213,
    "7": 0.525667556742323,
    "8": 0.12033822874944371
  },
  "overall_ge2_rate": 0.27770360480640854,
  "factor_multipliers": {
    "early_seal": 1.0333,
    "zero_zhaban": 1.0779,
    "heavy_seal": 1.08,
    "big_order_seal": 1.08,
    "weak_to_strong": 0.9406
  },
  "backtest_summary": {
    "source": "local_documents_walk_forward_recalibration",
    "trade_days": 60,
    "pair_count": 59,
    "stock_samples": 749,
    "evaluation_stock_samples": 682,
    "evaluation_pairs": 54,
    "actual_promotion_rate": 0.27770360480640854,
    "evaluation_promotion_rate": 0.2785923753665689,
    "brier_before": 0.2013341826735961,
    "brier_after": 0.1985730425262256,
    "pair_days": [
      "20260427",
      "20260428",
      "20260429",
      "20260430",
      "20260506",
      "20260507",
      "20260508",
      "20260511",
      "20260512",
      "20260513",
      "20260514",
      "20260515",
      "20260518",
      "20260519",
      "20260520",
      "20260521",
      "20260522",
      "20260525",
      "20260526",
      "20260527",
      "20260528",
      "20260529",
      "20260601",
      "20260602",
      "20260603",
      "20260604",
      "20260605",
      "20260608",
      "20260609",
      "20260610",
      "20260611",
      "20260612",
      "20260615",
      "20260616",
      "20260617",
      "20260618",
      "20260622",
      "20260623",
      "20260624",
      "20260625",
      "20260626",
      "20260629",
      "20260630",
      "20260701",
      "20260702",
      "20260703",
      "20260706",
      "20260707",
      "20260708",
      "20260709",
      "20260710",
      "20260713",
      "20260714",
      "20260715",
      "20260716",
      "20260717",
      "20260720",
      "20260721",
      "20260722",
      "20260723"
    ],
    "evaluation_pair_days": [
      "20260507",
      "20260508",
      "20260511",
      "20260512",
      "20260513",
      "20260514",
      "20260515",
      "20260518",
      "20260519",
      "20260520",
      "20260521",
      "20260522",
      "20260525",
      "20260526",
      "20260527",
      "20260528",
      "20260529",
      "20260601",
      "20260602",
      "20260603",
      "20260604",
      "20260605",
      "20260608",
      "20260609",
      "20260610",
      "20260611",
      "20260612",
      "20260615",
      "20260616",
      "20260617",
      "20260618",
      "20260622",
      "20260623",
      "20260624",
      "20260625",
      "20260626",
      "20260629",
      "20260630",
      "20260701",
      "20260702",
      "20260703",
      "20260706",
      "20260707",
      "20260708",
      "20260709",
      "20260710",
      "20260713",
      "20260714",
      "20260715",
      "20260716",
      "20260717",
      "20260720",
      "20260721",
      "20260722"
    ]
  }
}