{
  "trade_date": "20260706",
  "min_boards": 2,
  "hist_pairs": 20,
  "calibration": {
    "lookback_pairs": 38,
    "min_boards": 2,
    "laplace_alpha": 1.0,
    "shrink_to_overall": 0.15,
    "board_rates": {
      "2": 0.2669583118888317,
      "3": 0.3518479033404406,
      "4": 0.2572330654420207,
      "5": 0.3152985074626865,
      "6": 0.1630597014925373
    },
    "overall_ge2_rate": 0.2835820895522388,
    "factor_multipliers": {
      "early_seal": 1.0121,
      "zero_zhaban": 1.08,
      "heavy_seal": 1.08,
      "big_order_seal": 0.9866,
      "weak_to_strong": 0.92
    },
    "backtest_summary": {
      "source": "15d_empirical_recalibration",
      "trade_days": 39,
      "stock_samples": 201,
      "actual_promotion_rate": 0.2835820895522388,
      "brier_before": 0.1963420939422876,
      "brier_after": 0.19472540728577367,
      "pair_days": [
        "20260427",
        "20260428",
        "20260429",
        "20260430",
        "20260506",
        "20260507",
        "20260508",
        "20260511",
        "20260512",
        "20260513",
        "20260514",
        "20260515",
        "20260518",
        "20260519",
        "20260520",
        "20260521",
        "20260522",
        "20260525",
        "20260526",
        "20260527",
        "20260528",
        "20260529",
        "20260601",
        "20260602",
        "20260603",
        "20260604",
        "20260605",
        "20260608",
        "20260609",
        "20260610",
        "20260611",
        "20260612",
        "20260615",
        "20260616",
        "20260617",
        "20260618",
        "20260622",
        "20260623",
        "20260624"
      ]
    }
  },
  "rates_by_board": {
    "1": {
      "n": 1,
      "total": 717,
      "promoted": 93,
      "rate": 0.1297071129707113
    },
    "2": {
      "n": 2,
      "total": 98,
      "promoted": 13,
      "rate": 0.2669583118888317,
      "calibrated": true
    },
    "3": {
      "n": 3,
      "total": 14,
      "promoted": 4,
      "rate": 0.3518479033404406,
      "calibrated": true
    },
    "4": {
      "n": 4,
      "total": 6,
      "promoted": 2,
      "rate": 0.2572330654420207,
      "calibrated": true
    },
    "5": {
      "n": 5,
      "total": 1,
      "promoted": 1,
      "rate": 0.3152985074626865,
      "calibrated": true
    },
    "6": {
      "n": 6,
      "total": 1,
      "promoted": 0,
      "rate": 0.1630597014925373,
      "calibrated": true
    }
  },
  "stocks": [
    {
      "代码": "603137",
      "名称": "恒尚节能",
      "涨停原因": "拟收购存储公司+复牌+建筑幕墙",
      "连板数": 5,
      "晋级概率": 0.37221412567164175,
      "封单占比": "2542.7%",
      "大单封板": "强封",
      "弱转强": "否",
      "涨跌幅": "9.99%",
      "最新价": 18.94,
      "换手率": "0.40%",
      "封板资金": "3.49亿",
      "成交额": 13721272,
      "首次封板时间": "092502",
      "炸板次数": 0,
      "所属行业": "装修装饰",
      "晋级概率_pct": 37.22,
      "题材簇": "行业:装修装饰",
      "类似标的": "-"
    },
    {
      "代码": "600793",
      "名称": "宜宾纸业",
      "涨停原因": "子公司购买资产+醋酸纤维素+竹基新材料+宜宾国资",
      "连板数": 4,
      "晋级概率": 0.23951793869115962,
      "封单占比": "5.3%",
      "大单封板": "否",
      "弱转强": "是",
      "涨跌幅": "9.99%",
      "最新价": 17.61,
      "换手率": "10.48%",
      "封板资金": "1706.59万",
      "成交额": 321431888,
      "首次封板时间": "093618",
      "炸板次数": 9,
      "所属行业": "造纸",
      "晋级概率_pct": 23.95,
      "题材簇": "行业:造纸",
      "类似标的": "-"
    },
    {
      "代码": "000656",
      "名称": "金科股份",
      "涨停原因": "摘帽+地产开发+不动产综合运营",
      "连板数": 3,
      "晋级概率": 0.3232267762512864,
      "封单占比": "13.6%",
      "大单封板": "是",
      "弱转强": "是",
      "涨跌幅": "10.00%",
      "最新价": 1.43,
      "换手率": "6.93%",
      "封板资金": "1.02亿",
      "成交额": 751158880,
      "首次封板时间": "092500",
      "炸板次数": 4,
      "所属行业": "房地产开",
      "晋级概率_pct": 32.32,
      "题材簇": "地产/城开",
      "类似标的": "-"
    },
    {
      "代码": "603722",
      "名称": "阿科力",
      "涨停原因": "控制权变更+COC+聚醚胺+定增募资",
      "连板数": 2,
      "晋级概率": 0.3151478751044776,
      "封单占比": "844.1%",
      "大单封板": "强封",
      "弱转强": "否",
      "涨跌幅": "10.00%",
      "最新价": 43.56,
      "换手率": "0.62%",
      "封板资金": "2.19亿",
      "成交额": 25902954,
      "首次封板时间": "092502",
      "炸板次数": 0,
      "所属行业": "化学制品",
      "晋级概率_pct": 31.51,
      "题材簇": "化工/磷",
      "类似标的": "-"
    },
    {
      "代码": "002767",
      "名称": "先锋电子",
      "涨停原因": "机器人概念+芯片概念+智慧燃气",
      "连板数": 2,
      "晋级概率": 0.3151478751044776,
      "封单占比": "91.3%",
      "大单封板": "强封",
      "弱转强": "否",
      "涨跌幅": "9.98%",
      "最新价": 19.84,
      "换手率": "1.47%",
      "封板资金": "3442.14万",
      "成交额": 37718599,
      "首次封板时间": "093030",
      "炸板次数": 0,
      "所属行业": "通用设备",
      "晋级概率_pct": 31.51,
      "题材簇": "AI/算力/机器人",
      "类似标的": "同线: 晋拓股份 | 似近月龙头: 天娱数科"
    },
    {
      "代码": "002141",
      "名称": "贤丰控股",
      "涨停原因": "覆铜板+PCB上游+盐湖提锂参股",
      "连板数": 2,
      "晋级概率": 0.24857342686567163,
      "封单占比": "4.1%",
      "大单封板": "否",
      "弱转强": "是",
      "涨跌幅": "9.92%",
      "最新价": 5.65,
      "换手率": "17.37%",
      "封板资金": "4114.44万",
      "成交额": 1002921808,
      "首次封板时间": "093203",
      "炸板次数": 7,
      "所属行业": "元件",
      "晋级概率_pct": 24.86,
      "题材簇": "磷化铟/半导体材料",
      "类似标的": "似近月龙头: 旭光电子"
    },
    {
      "代码": "603211",
      "名称": "晋拓股份",
      "涨停原因": "与宇树科技合资+人形机器人+机器人零部件",
      "连板数": 2,
      "晋级概率": 0.24857342686567163,
      "封单占比": "2.2%",
      "大单封板": "否",
      "弱转强": "是",
      "涨跌幅": "9.99%",
      "最新价": 39.53,
      "换手率": "5.08%",
      "封板资金": "1161.39万",
      "成交额": 539492528,
      "首次封板时间": "093205",
      "炸板次数": 4,
      "所属行业": "汽车零部",
      "晋级概率_pct": 24.86,
      "题材簇": "AI/算力/机器人",
      "类似标的": "同线: 先锋电子 | 似近月龙头: 天娱数科"
    },
    {
      "代码": "002396",
      "名称": "星网锐捷",
      "涨停原因": "半年报预增+数据中心交换机+CPO+福建国资",
      "连板数": 2,
      "晋级概率": 0.24524254294567163,
      "封单占比": "17.4%",
      "大单封板": "是",
      "弱转强": "是",
      "涨跌幅": "10.00%",
      "最新价": 25.74,
      "换手率": "5.94%",
      "封板资金": "2.01亿",
      "成交额": 1155247424,
      "首次封板时间": "092500",
      "炸板次数": 1,
      "所属行业": "通信设备",
      "晋级概率_pct": 24.52,
      "题材簇": "光纤/四氯化硅",
      "类似标的": "似近月龙头: 三孚股份、宏柏新材"
    }
  ],
  "by_boards": {
    "5": [
      {
        "代码": "603137",
        "名称": "恒尚节能",
        "涨停原因": "拟收购存储公司+复牌+建筑幕墙",
        "连板数": 5,
        "晋级概率": 0.37221412567164175,
        "封单占比": "2542.7%",
        "大单封板": "强封",
        "弱转强": "否",
        "涨跌幅": "9.99%",
        "最新价": 18.94,
        "换手率": "0.40%",
        "封板资金": "3.49亿",
        "成交额": 13721272,
        "首次封板时间": "092502",
        "炸板次数": 0,
        "所属行业": "装修装饰",
        "晋级概率_pct": 37.22,
        "题材簇": "行业:装修装饰",
        "类似标的": "-"
      }
    ],
    "4": [
      {
        "代码": "600793",
        "名称": "宜宾纸业",
        "涨停原因": "子公司购买资产+醋酸纤维素+竹基新材料+宜宾国资",
        "连板数": 4,
        "晋级概率": 0.23951793869115962,
        "封单占比": "5.3%",
        "大单封板": "否",
        "弱转强": "是",
        "涨跌幅": "9.99%",
        "最新价": 17.61,
        "换手率": "10.48%",
        "封板资金": "1706.59万",
        "成交额": 321431888,
        "首次封板时间": "093618",
        "炸板次数": 9,
        "所属行业": "造纸",
        "晋级概率_pct": 23.95,
        "题材簇": "行业:造纸",
        "类似标的": "-"
      }
    ],
    "3": [
      {
        "代码": "000656",
        "名称": "金科股份",
        "涨停原因": "摘帽+地产开发+不动产综合运营",
        "连板数": 3,
        "晋级概率": 0.3232267762512864,
        "封单占比": "13.6%",
        "大单封板": "是",
        "弱转强": "是",
        "涨跌幅": "10.00%",
        "最新价": 1.43,
        "换手率": "6.93%",
        "封板资金": "1.02亿",
        "成交额": 751158880,
        "首次封板时间": "092500",
        "炸板次数": 4,
        "所属行业": "房地产开",
        "晋级概率_pct": 32.32,
        "题材簇": "地产/城开",
        "类似标的": "-"
      }
    ],
    "2": [
      {
        "代码": "603722",
        "名称": "阿科力",
        "涨停原因": "控制权变更+COC+聚醚胺+定增募资",
        "连板数": 2,
        "晋级概率": 0.3151478751044776,
        "封单占比": "844.1%",
        "大单封板": "强封",
        "弱转强": "否",
        "涨跌幅": "10.00%",
        "最新价": 43.56,
        "换手率": "0.62%",
        "封板资金": "2.19亿",
        "成交额": 25902954,