{
  "trade_date": "20260629",
  "min_boards": 2,
  "hist_pairs": 20,
  "calibration": {
    "lookback_pairs": 38,
    "min_boards": 2,
    "laplace_alpha": 1.0,
    "shrink_to_overall": 0.15,
    "board_rates": {
      "2": 0.2669583118888317,
      "3": 0.3518479033404406,
      "4": 0.2572330654420207,
      "5": 0.3152985074626865,
      "6": 0.1630597014925373
    },
    "overall_ge2_rate": 0.2835820895522388,
    "factor_multipliers": {
      "early_seal": 1.0121,
      "zero_zhaban": 1.08,
      "heavy_seal": 1.08,
      "big_order_seal": 0.9866,
      "weak_to_strong": 0.92
    },
    "backtest_summary": {
      "source": "15d_empirical_recalibration",
      "trade_days": 39,
      "stock_samples": 201,
      "actual_promotion_rate": 0.2835820895522388,
      "brier_before": 0.1963420939422876,
      "brier_after": 0.19472540728577367,
      "pair_days": [
        "20260427",
        "20260428",
        "20260429",
        "20260430",
        "20260506",
        "20260507",
        "20260508",
        "20260511",
        "20260512",
        "20260513",
        "20260514",
        "20260515",
        "20260518",
        "20260519",
        "20260520",
        "20260521",
        "20260522",
        "20260525",
        "20260526",
        "20260527",
        "20260528",
        "20260529",
        "20260601",
        "20260602",
        "20260603",
        "20260604",
        "20260605",
        "20260608",
        "20260609",
        "20260610",
        "20260611",
        "20260612",
        "20260615",
        "20260616",
        "20260617",
        "20260618",
        "20260622",
        "20260623",
        "20260624"
      ]
    }
  },
  "rates_by_board": {
    "1": {
      "n": 1,
      "total": 208,
      "promoted": 24,
      "rate": 0.11538461538461539
    },
    "2": {
      "n": 2,
      "total": 25,
      "promoted": 4,
      "rate": 0.2669583118888317,
      "calibrated": true
    },
    "3": {
      "n": 3,
      "total": 5,
      "promoted": 1,
      "rate": 0.3518479033404406,
      "calibrated": true
    },
    "4": {
      "n": 4,
      "total": 4,
      "promoted": 1,
      "rate": 0.2572330654420207,
      "calibrated": true
    },
    "5": {
      "n": 5,
      "total": 1,
      "promoted": 1,
      "rate": 0.3152985074626865,
      "calibrated": true
    },
    "6": {
      "n": 6,
      "total": 1,
      "promoted": 0,
      "rate": 0.1630597014925373,
      "calibrated": true
    }
  },
  "stocks": [
    {
      "代码": "603956",
      "名称": "威派格",
      "涨停原因": "液冷泵+六张网建设+智慧水务",
      "连板数": 3,
      "晋级概率": 0.3276168419331911,
      "封单占比": "4.0%",
      "大单封板": "否",
      "弱转强": "是",
      "涨跌幅": "9.95%",
      "最新价": 6.41,
      "换手率": "12.41%",
      "封板资金": "1750.69万",
      "成交额": 442320384,
      "首次封板时间": "093939",
      "炸板次数": 6,
      "所属行业": "专用设备",
      "晋级概率_pct": 32.76,
      "题材簇": "AI/算力/机器人",
      "类似标的": "同线: 奔图科技 | 似近月龙头: 天娱数科"
    },
    {
      "代码": "603928",
      "名称": "兴业股份",
      "涨停原因": "铸造树脂+光刻胶+业绩增长",
      "连板数": 2,
      "晋级概率": 0.3151478751044776,
      "封单占比": "27.1%",
      "大单封板": "强封",
      "弱转强": "否",
      "涨跌幅": "9.98%",
      "最新价": 13.45,
      "换手率": "5.00%",
      "封板资金": "6015.67万",
      "成交额": 221991799,
      "首次封板时间": "093740",
      "炸板次数": 0,
      "所属行业": "塑料",
      "晋级概率_pct": 31.51,
      "题材簇": "磷化铟/半导体材料",
      "类似标的": "同线: 圣晖集成、彤程新材、新亚强 | 似近月龙头: 旭光电子"
    },
    {
      "代码": "002568",
      "名称": "百润股份",
      "涨停原因": "中报预增+威士忌+高管增持",
      "连板数": 2,
      "晋级概率": 0.28831497683993823,
      "封单占比": "11.0%",
      "大单封板": "否",
      "弱转强": "否",
      "涨跌幅": "9.98%",
      "最新价": 17.3,
      "换手率": "5.46%",
      "封板资金": "7551.23万",
      "成交额": 685405840,
      "首次封板时间": "104657",
      "炸板次数": 0,
      "所属行业": "非白酒",
      "晋级概率_pct": 28.83,
      "题材簇": "消费/独立",
      "类似标的": "-"
    },
    {
      "代码": "603155",
      "名称": "新亚强",
      "涨停原因": "半导体材料+高纯四氯化硅+光纤概念+锂电池",
      "连板数": 2,
      "晋级概率": 0.28831497683993823,
      "封单占比": "3.7%",
      "大单封板": "否",
      "弱转强": "否",
      "涨跌幅": "9.98%",
      "最新价": 27.87,
      "换手率": "10.52%",
      "封板资金": "3336.32万",
      "成交额": 893482704,
      "首次封板时间": "144449",
      "炸板次数": 0,
      "所属行业": "化学制品",
      "晋级概率_pct": 28.83,
      "题材簇": "磷化铟/半导体材料",
      "类似标的": "同线: 兴业股份、圣晖集成、彤程新材 | 似近月龙头: 旭光电子"
    },
    {
      "代码": "603650",
      "名称": "彤程新材",
      "涨停原因": "光刻胶树脂+H股上市",
      "连板数": 2,
      "晋级概率": 0.24857342686567163,
      "封单占比": "0.7%",
      "大单封板": "否",
      "弱转强": "是",
      "涨跌幅": "10.00%",
      "最新价": 94.41,
      "换手率": "9.95%",
      "封板资金": "4078.51万",
      "成交额": 5657247232,
      "首次封板时间": "093125",
      "炸板次数": 4,
      "所属行业": "橡胶",
      "晋级概率_pct": 24.86,
      "题材簇": "磷化铟/半导体材料",
      "类似标的": "同线: 兴业股份、圣晖集成、新亚强 | 似近月龙头: 旭光电子"
    },
    {
      "代码": "603163",
      "名称": "圣晖集成",
      "涨停原因": "半导体洁净室+PCB+可转债批复",
      "连板数": 2,
      "晋级概率": 0.24857342686567163,
      "封单占比": "6.7%",
      "大单封板": "否",
      "弱转强": "是",
      "涨跌幅": "10.00%",
      "最新价": 149.14,
      "换手率": "8.51%",
      "封板资金": "8210.16万",
      "成交额": 1234265008,
      "首次封板时间": "100133",
      "炸板次数": 2,
      "所属行业": "专业工程",
      "晋级概率_pct": 24.86,
      "题材簇": "磷化铟/半导体材料",
      "类似标的": "同线: 兴业股份、彤程新材、新亚强 | 似近月龙头: 旭光电子"
    },
    {
      "代码": "002180",
      "名称": "奔图科技",
      "涨停原因": "集成电路设计+机器人+打印机+券商看好",
      "连板数": 2,
      "晋级概率": 0.24560164693772515,
      "封单占比": "3.7%",
      "大单封板": "否",
      "弱转强": "是",
      "涨跌幅": "10.03%",
      "最新价": 16.01,
      "换手率": "5.45%",
      "封板资金": "4251.94万",
      "成交额": 1149070704,
      "首次封板时间": "132530",
      "炸板次数": 1,
      "所属行业": "计算机设",
      "晋级概率_pct": 24.56,
      "题材簇": "AI/算力/机器人",
      "类似标的": "同线: 威派格 | 似近月龙头: 天娱数科"
    },
    {
      "代码": "688432",
      "名称": "有研硅",
      "涨停原因": "半导体硅片+硅片涨价预期+拟收购晶隆半导体",
      "连板数": 2,
      "晋级概率": 0.24560164693772515,
      "封单占比": "3.1%",
      "大单封板": "否",
      "弱转强": "是",
      "涨跌幅": "20.00%",
      "最新价": 37.08,
      "换手率": "7.56%",
      "封板资金": "1.01亿",
      "成交额": 3294047424,
      "首次封板时间": "133120",
      "炸板次数": 1,
      "所属行业": "半导体",
      "晋级概率_pct": 24.56,
      "题材簇": "磷化铟/半导体材料",
      "类似标的": "同线: 兴业股份、圣晖集成、彤程新材 | 似近月龙头: 旭光电子"
    },
    {
      "代码": "601133",
      "名称": "柏诚股份",
      "涨停原因": "半导体洁净室+OLED洁净室+订单新高+存储芯片",
      "连板数": 2,
      "晋级概率": 0.24524254294567163,
      "封单占比": "12.1%",
      "大单封板": "是",
      "弱转强": "是",
      "涨跌幅": "10.01%",
      "最新价": 42.11,
      "换手率": "4.14%",
      "封板资金": "1.09亿",
      "成交额": 901394160,
      "首次封板时间": "093245",
      "炸板次数": 3,
      "所属行业": "专业工程",
      "晋级概率_pct": 24.52,
      "题材簇": "磷化铟/半导体材料",
      "类似标的": "同线: 兴业股份、圣晖集成、彤程新材 | 似近月龙头: 旭光电子"
    }
  ],
  "by_boards": {
    "3": [
      {
        "代码": "603956",
        "名称": "威派格",
        "涨停原因": "液冷泵+六张网建设+智慧水务",
        "连板数": 3,
        "晋级概率": 0.3276168419331911,
        "封单占比": "4.0%",
        "大单封板": "否",
        "弱转强": "是",
        "涨跌幅": "9.95%",
        "最新价": 6.41,
        "换手率": "12.41%",
        "封板资金": "1750.69万",
        "成交额": 442320384,
        "首次封板时间": "093939",
        "炸板次数": 6,
        "所属行业": "专用设备",
        "晋级概率_pct": 32.76,
        "题材簇": "AI/算力/机器人",
        "类似标的": "同线: 奔图科技 | 似近月龙头: 天娱数科"
      }
    ],
    "2": [
      {
        "代码": "603928",
        "名称": "兴业股份",
        "涨停原因": "铸造树脂+光刻胶+业绩增长",
        "连板数": 2,
        "晋级概率": 0.3151478751044776,
        "封单占比": "27.1%",
        "大单封板": "强封",
        "弱转强": "否",
        "涨跌幅": "9.98%",
        "最新价": 13.45,
        "换手率": "5.00%",
        "封板资金": "6015.67万",
        "成交额": 221991799,
        "首次封板时间": "093740",
        "炸板次数": 0,
        "所属行业": "塑料",
        "晋级概率_pct": 31.51,
        "题材簇": "磷化铟/半导体材料",
        "类似标的": "同线: 圣晖集成、彤程新材、新亚强 | 似近月龙头: 旭光电子"
      },
      {
        "代码": "002568",
        "名称": "百润股份",
        "涨停原因": "中报预增+威士忌+高管增持",
        "连板数": 2,
        "晋级概率": 0.28831497683993823,
        "封单占比": "11.0%",
        "大单封板": "否",
        "弱转强": "否",