{
  "trade_date": "20260714",
  "min_boards": 2,
  "hist_pairs": 20,
  "calibration": {
    "lookback_pairs": 38,
    "min_boards": 2,
    "laplace_alpha": 1.0,
    "shrink_to_overall": 0.15,
    "board_rates": {
      "2": 0.2669583118888317,
      "3": 0.3518479033404406,
      "4": 0.2572330654420207,
      "5": 0.3152985074626865,
      "6": 0.1630597014925373
    },
    "overall_ge2_rate": 0.2835820895522388,
    "factor_multipliers": {
      "early_seal": 1.0121,
      "zero_zhaban": 1.08,
      "heavy_seal": 1.08,
      "big_order_seal": 0.9866,
      "weak_to_strong": 0.92
    },
    "backtest_summary": {
      "source": "15d_empirical_recalibration",
      "trade_days": 39,
      "stock_samples": 201,
      "actual_promotion_rate": 0.2835820895522388,
      "brier_before": 0.1963420939422876,
      "brier_after": 0.19472540728577367,
      "pair_days": [
        "20260427",
        "20260428",
        "20260429",
        "20260430",
        "20260506",
        "20260507",
        "20260508",
        "20260511",
        "20260512",
        "20260513",
        "20260514",
        "20260515",
        "20260518",
        "20260519",
        "20260520",
        "20260521",
        "20260522",
        "20260525",
        "20260526",
        "20260527",
        "20260528",
        "20260529",
        "20260601",
        "20260602",
        "20260603",
        "20260604",
        "20260605",
        "20260608",
        "20260609",
        "20260610",
        "20260611",
        "20260612",
        "20260615",
        "20260616",
        "20260617",
        "20260618",
        "20260622",
        "20260623",
        "20260624"
      ]
    }
  },
  "rates_by_board": {
    "1": {
      "n": 1,
      "total": 1007,
      "promoted": 125,
      "rate": 0.12413108242303873
    },
    "2": {
      "n": 2,
      "total": 131,
      "promoted": 19,
      "rate": 0.2669583118888317,
      "calibrated": true
    },
    "3": {
      "n": 3,
      "total": 20,
      "promoted": 4,
      "rate": 0.3518479033404406,
      "calibrated": true
    },
    "4": {
      "n": 4,
      "total": 7,
      "promoted": 3,
      "rate": 0.2572330654420207,
      "calibrated": true
    },
    "5": {
      "n": 5,
      "total": 3,
      "promoted": 2,
      "rate": 0.3152985074626865,
      "calibrated": true
    },
    "6": {
      "n": 6,
      "total": 2,
      "promoted": 1,
      "rate": 0.1630597014925373,
      "calibrated": true
    },
    "7": {
      "n": 7,
      "total": 1,
      "promoted": 1,
      "rate": 1.0
    },
    "8": {
      "n": 8,
      "total": 1,
      "promoted": 0,
      "rate": 0.0
    }
  },
  "stocks": [
    {
      "代码": "600664",
      "名称": "哈药股份",
      "涨停原因": "中报预增+基药目录+化学制药+创新药",
      "连板数": 3,
      "晋级概率": 0.3276168419331911,
      "封单占比": "6.5%",
      "大单封板": "否",
      "弱转强": "是",
      "涨跌幅": "9.97%",
      "最新价": 4.08,
      "换手率": "17.48%",
      "封板资金": "1.14亿",
      "成交额": 1742338848,
      "首次封板时间": "094201",
      "炸板次数": 1,
      "所属行业": "化学制药",
      "晋级概率_pct": 32.76,
      "题材簇": "医药/创新药",
      "类似标的": "-"
    },
    {
      "代码": "001388",
      "名称": "信通电子",
      "涨停原因": "高送转+防冰机器人+电网设备",
      "连板数": 2,
      "晋级概率": 0.3151478751044776,
      "封单占比": "63.8%",
      "大单封板": "强封",
      "弱转强": "否",
      "涨跌幅": "10.00%",
      "最新价": 32.44,
      "换手率": "3.80%",
      "封板资金": "6495.32万",
      "成交额": 101757097,
      "首次封板时间": "093242",
      "炸板次数": 0,
      "所属行业": "电网设备",
      "晋级概率_pct": 31.51,
      "题材簇": "AI/算力/机器人",
      "类似标的": "似近月龙头: 天娱数科"
    },
    {
      "代码": "603137",
      "名称": "恒尚节能",
      "涨停原因": "拟收购存储公司+建筑幕墙+跨界转型",
      "连板数": 2,
      "晋级概率": 0.28831497683993823,
      "封单占比": "3.4%",
      "大单封板": "否",
      "弱转强": "否",
      "涨跌幅": "9.99%",
      "最新价": 32.37,
      "换手率": "20.18%",
      "封板资金": "3890.95万",
      "成交额": 1131431712,
      "首次封板时间": "143643",
      "炸板次数": 0,
      "所属行业": "装修装饰",
      "晋级概率_pct": 28.83,
      "题材簇": "行业:装修装饰",
      "类似标的": "-"
    },
    {
      "代码": "603065",
      "名称": "宿迁联盛",
      "涨停原因": "磷化铟衬底+光稳定剂+终止减持",
      "连板数": 2,
      "晋级概率": 0.24857342686567163,
      "封单占比": "4.3%",
      "大单封板": "否",
      "弱转强": "是",
      "涨跌幅": "10.00%",
      "最新价": 23.54,
      "换手率": "12.98%",
      "封板资金": "5256.72万",
      "成交额": 1228267600,
      "首次封板时间": "095637",
      "炸板次数": 3,
      "所属行业": "化学制品",
      "晋级概率_pct": 24.86,
      "题材簇": "磷化铟/半导体材料",
      "类似标的": "似近月龙头: 旭光电子"
    },
    {
      "代码": "002379",
      "名称": "宏桥控股",
      "涨停原因": "中报预增+电解铝+铝全产业链",
      "连板数": 2,
      "晋级概率": 0.24560164693772515,
      "封单占比": "5.3%",
      "大单封板": "否",
      "弱转强": "是",
      "涨跌幅": "10.00%",
      "最新价": 17.49,
      "换手率": "9.74%",
      "封板资金": "9670.15万",
      "成交额": 1828065104,
      "首次封板时间": "135451",
      "炸板次数": 5,
      "所属行业": "工业金属",
      "晋级概率_pct": 24.56,
      "题材簇": "行业:工业金属",
      "类似标的": "-"
    }
  ],
  "by_boards": {
    "3": [
      {
        "代码": "600664",
        "名称": "哈药股份",
        "涨停原因": "中报预增+基药目录+化学制药+创新药",
        "连板数": 3,
        "晋级概率": 0.3276168419331911,
        "封单占比": "6.5%",
        "大单封板": "否",
        "弱转强": "是",
        "涨跌幅": "9.97%",
        "最新价": 4.08,
        "换手率": "17.48%",
        "封板资金": "1.14亿",
        "成交额": 1742338848,
        "首次封板时间": "094201",
        "炸板次数": 1,
        "所属行业": "化学制药",
        "晋级概率_pct": 32.76,
        "题材簇": "医药/创新药",
        "类似标的": "-"
      }
    ],
    "2": [
      {
        "代码": "001388",
        "名称": "信通电子",
        "涨停原因": "高送转+防冰机器人+电网设备",
        "连板数": 2,
        "晋级概率": 0.3151478751044776,
        "封单占比": "63.8%",
        "大单封板": "强封",
        "弱转强": "否",
        "涨跌幅": "10.00%",
        "最新价": 32.44,
        "换手率": "3.80%",
        "封板资金": "6495.32万",
        "成交额": 101757097,
        "首次封板时间": "093242",
        "炸板次数": 0,
        "所属行业": "电网设备",
        "晋级概率_pct": 31.51,
        "题材簇": "AI/算力/机器人",
        "类似标的": "似近月龙头: 天娱数科"
      },
      {
        "代码": "603137",
        "名称": "恒尚节能",
        "涨停原因": "拟收购存储公司+建筑幕墙+跨界转型",
        "连板数": 2,
        "晋级概率": 0.28831497683993823,
        "封单占比": "3.4%",
        "大单封板": "否",
        "弱转强": "否",
        "涨跌幅": "9.99%",
        "最新价": 32.37,
        "换手率": "20.18%",
        "封板资金": "3890.95万",
        "成交额": 1131431712,
        "首次封板时间": "143643",
        "炸板次数": 0,
        "所属行业": "装修装饰",
        "晋级概率_pct": 28.83,
        "题材簇": "行业:装修装饰",
        "类似标的": "-"
      },
      {
        "代码": "603065",
        "名称": "宿迁联盛",
        "涨停原因": "磷化铟衬底+光稳定剂+终止减持",
        "连板数": 2,
        "晋级概率": 0.24857342686567163,
        "封单占比": "4.3%",
        "大单封板": "否",
        "弱转强": "是",
        "涨跌幅": "10.00%",
        "最新价": 23.54,
        "换手率": "12.98%",
        "封板资金": "5256.72万",
        "成交额": 1228267600,
        "首次封板时间": "095637",
        "炸板次数": 3,
        "所属行业": "化学制品",
        "晋级概率_pct": 24.86,
        "题材簇": "磷化铟/半导体材料",
        "类似标的": "似近月龙头: 旭光电子"
      },
      {
        "代码": "002379",
        "名称": "宏桥控股",
        "涨停原因": "中报预增+电解铝+铝全产业链",
        "连板数": 2,
        "晋级概率": 0.24560164693772515,
        "封单占比": "5.3%",
        "大单封板": "否",
        "弱转强": "是",
        "涨跌幅": "10.00%",
        "最新价": 17.49,
        "换手率": "9.74%",
        "封板资金": "9670.15万",
        "成交额": 1828065104,
        "首次封板时间": "135451",
        "炸板次数": 5,
        "所属行业": "工业金属",
        "晋级概率_pct": 24.56,
        "题材簇": "行业:工业金属",
        "类似标的": "-"
      }
    ]
  }
}