{
  "trade_date": "20260716",
  "min_boards": 2,
  "hist_pairs": 20,
  "calibration": {
    "lookback_pairs": 38,
    "min_boards": 2,
    "laplace_alpha": 1.0,
    "shrink_to_overall": 0.15,
    "board_rates": {
      "2": 0.2669583118888317,
      "3": 0.3518479033404406,
      "4": 0.2572330654420207,
      "5": 0.3152985074626865,
      "6": 0.1630597014925373
    },
    "overall_ge2_rate": 0.2835820895522388,
    "factor_multipliers": {
      "early_seal": 1.0121,
      "zero_zhaban": 1.08,
      "heavy_seal": 1.08,
      "big_order_seal": 0.9866,
      "weak_to_strong": 0.92
    },
    "backtest_summary": {
      "source": "15d_empirical_recalibration",
      "trade_days": 39,
      "stock_samples": 201,
      "actual_promotion_rate": 0.2835820895522388,
      "brier_before": 0.1963420939422876,
      "brier_after": 0.19472540728577367,
      "pair_days": [
        "20260427",
        "20260428",
        "20260429",
        "20260430",
        "20260506",
        "20260507",
        "20260508",
        "20260511",
        "20260512",
        "20260513",
        "20260514",
        "20260515",
        "20260518",
        "20260519",
        "20260520",
        "20260521",
        "20260522",
        "20260525",
        "20260526",
        "20260527",
        "20260528",
        "20260529",
        "20260601",
        "20260602",
        "20260603",
        "20260604",
        "20260605",
        "20260608",
        "20260609",
        "20260610",
        "20260611",
        "20260612",
        "20260615",
        "20260616",
        "20260617",
        "20260618",
        "20260622",
        "20260623",
        "20260624"
      ]
    }
  },
  "rates_by_board": {
    "1": {
      "n": 1,
      "total": 982,
      "promoted": 128,
      "rate": 0.13034623217922606
    },
    "2": {
      "n": 2,
      "total": 126,
      "promoted": 21,
      "rate": 0.2669583118888317,
      "calibrated": true
    },
    "3": {
      "n": 3,
      "total": 20,
      "promoted": 4,
      "rate": 0.3518479033404406,
      "calibrated": true
    },
    "4": {
      "n": 4,
      "total": 5,
      "promoted": 3,
      "rate": 0.2572330654420207,
      "calibrated": true
    },
    "5": {
      "n": 5,
      "total": 2,
      "promoted": 1,
      "rate": 0.3152985074626865,
      "calibrated": true
    },
    "6": {
      "n": 6,
      "total": 2,
      "promoted": 1,
      "rate": 0.1630597014925373,
      "calibrated": true
    },
    "7": {
      "n": 7,
      "total": 1,
      "promoted": 1,
      "rate": 1.0
    },
    "8": {
      "n": 8,
      "total": 1,
      "promoted": 0,
      "rate": 0.0
    }
  },
  "stocks": [
    {
      "代码": "600664",
      "名称": "哈药股份",
      "涨停原因": "中报预增+基药目录+创新药+化学制药",
      "连板数": 5,
      "晋级概率": 0.317071292238806,
      "封单占比": "21.3%",
      "大单封板": "强封",
      "弱转强": "是",
      "涨跌幅": "10.02%",
      "最新价": 4.94,
      "换手率": "11.54%",
      "封板资金": "3.06亿",
      "成交额": 1434927792,
      "首次封板时间": "092502",
      "炸板次数": 2,
      "所属行业": "化学制药",
      "晋级概率_pct": 31.71,
      "题材簇": "医药/创新药",
      "类似标的": "同线: 永安药业、海南海药"
    },
    {
      "代码": "603580",
      "名称": "艾艾精工",
      "涨停原因": "控制权拟变更+复牌+轻型输送带+消费电子",
      "连板数": 3,
      "晋级概率": 0.4153611787292111,
      "封单占比": "6094.6%",
      "大单封板": "强封",
      "弱转强": "否",
      "涨跌幅": "9.99%",
      "最新价": 40.84,
      "换手率": "0.10%",
      "封板资金": "3.35亿",
      "成交额": 5501148,
      "首次封板时间": "092501",
      "炸板次数": 0,
      "所属行业": "塑料",
      "晋级概率_pct": 41.54,
      "题材簇": "行业:塑料",
      "类似标的": "-"
    },
    {
      "代码": "002432",
      "名称": "九安医疗",
      "涨停原因": "中报预增+参股月之暗面+拟投资阶跃星辰+AI医疗",
      "连板数": 3,
      "晋级概率": 0.37999573560767586,
      "封单占比": "10.4%",
      "大单封板": "否",
      "弱转强": "否",
      "涨跌幅": "10.00%",
      "最新价": 73.69,
      "换手率": "9.63%",
      "封板资金": "3.35亿",
      "成交额": 3204128928,
      "首次封板时间": "105300",
      "炸板次数": 0,
      "所属行业": "医疗器械",
      "晋级概率_pct": 38.0,
      "题材簇": "AI/算力/机器人",
      "类似标的": "同线: 天安新材 | 似近月龙头: 天娱数科"
    },
    {
      "代码": "002141",
      "名称": "贤丰控股",
      "涨停原因": "拟布局PCB+覆铜板+动物疫苗",
      "连板数": 3,
      "晋级概率": 0.3276168419331911,
      "封单占比": "10.3%",
      "大单封板": "否",
      "弱转强": "是",
      "涨跌幅": "9.98%",
      "最新价": 6.17,
      "换手率": "14.51%",
      "封板资金": "9219.15万",
      "成交额": 898630368,
      "首次封板时间": "093703",
      "炸板次数": 2,
      "所属行业": "元件",
      "晋级概率_pct": 32.76,
      "题材簇": "磷化铟/半导体材料",
      "类似标的": "似近月龙头: 旭光电子"
    },
    {
      "代码": "002739",
      "名称": "儒意电影",
      "涨停原因": "院线龙头+暑期档+IP潮玩",
      "连板数": 2,
      "晋级概率": 0.3151478751044776,
      "封单占比": "30.7%",
      "大单封板": "强封",
      "弱转强": "否",
      "涨跌幅": "10.02%",
      "最新价": 10.32,
      "换手率": "3.88%",
      "封板资金": "2.53亿",
      "成交额": 825845840,
      "首次封板时间": "093033",
      "炸板次数": 0,
      "所属行业": "影视院线",
      "晋级概率_pct": 31.51,
      "题材簇": "行业:影视院线",
      "类似标的": "-"
    },
    {
      "代码": "002365",
      "名称": "永安药业",
      "涨停原因": "牛磺酸+化学制药+中报预增",
      "连板数": 2,
      "晋级概率": 0.3151478751044776,
      "封单占比": "34.0%",
      "大单封板": "强封",
      "弱转强": "否",
      "涨跌幅": "10.02%",
      "最新价": 13.18,
      "换手率": "10.06%",
      "封板资金": "1.08亿",
      "成交额": 317350768,
      "首次封板时间": "093324",
      "炸板次数": 0,
      "所属行业": "化学制药",
      "晋级概率_pct": 31.51,
      "题材簇": "医药/创新药",
      "类似标的": "同线: 哈药股份、海南海药"
    },
    {
      "代码": "000676",
      "名称": "智度股份",
      "涨停原因": "中报预增+华为鲸鸿+互联网媒体+广告",
      "连板数": 2,
      "晋级概率": 0.3151478751044776,
      "封单占比": "36.1%",
      "大单封板": "强封",
      "弱转强": "否",
      "涨跌幅": "10.09%",
      "最新价": 6.22,
      "换手率": "6.34%",
      "封板资金": "1.70亿",
      "成交额": 471505632,
      "首次封板时间": "094645",
      "炸板次数": 0,
      "所属行业": "广告营销",
      "晋级概率_pct": 31.51,
      "题材簇": "行业:广告营销",
      "类似标的": "-"
    },
    {
      "代码": "600785",
      "名称": "新华百货",
      "涨停原因": "新质零售+股权转让终止+区域零售龙头",
      "连板数": 2,
      "晋级概率": 0.3113801749871333,
      "封单占比": "20.9%",
      "大单封板": "强封",
      "弱转强": "否",
      "涨跌幅": "10.04%",
      "最新价": 9.32,
      "换手率": "9.41%",
      "封板资金": "5474.44万",
      "成交额": 262089293,
      "首次封板时间": "103234",
      "炸板次数": 0,
      "所属行业": "一般零售",
      "晋级概率_pct": 31.14,
      "题材簇": "行业:一般零售",
      "类似标的": "-"
    },
    {
      "代码": "002980",
      "名称": "华盛昌",
      "涨停原因": "中报预增+CPO+光通信测试+AI眼镜",
      "连板数": 2,
      "晋级概率": 0.2878934199797015,
      "封单占比": "16.3%",
      "大单封板": "是",
      "弱转强": "否",
      "涨跌幅": "10.00%",
      "最新价": 112.35,
      "换手率": "11.78%",
      "封板资金": "2.09亿",
      "成交额": 1280953424,
      "首次封板时间": "095918",
      "炸板次数": 0,
      "所属行业": "电网设备",
      "晋级概率_pct": 28.79,
      "题材簇": "光纤/四氯化硅",
      "类似标的": "似近月龙头: 三孚股份、宏柏新材"
    },
    {
      "代码": "603725",
      "名称": "天安新材",
      "涨停原因": "机器人+电子皮肤+高分子新材料",
      "连板数": 2,
      "晋级概率": 0.2684593010149254,
      "封单占比": "25.8%",
      "大单封板": "强封",
      "弱转强": "是",
      "涨跌幅": "9.99%",
      "最新价": 14.42,
      "换手率": "7.71%",
      "封板资金": "8599.13万",
      "成交额": 333811072,
      "首次封板时间": "093635",
      "炸板次数": 2,
      "所属行业": "家居用品",
      "晋级概率_pct": 26.85,
      "题材簇": "AI/算力/机器人",
      "类似标的": "同线: 九安医疗 | 似近月龙头: 天娱数科"
    },
    {
      "代码": "000566",
      "名称": "海南海药",
      "涨停原因": "创新药+化学制药+脑机接口+央企",
      "连板数": 2,
      "晋级概率": 0.24560164693772515,
      "封单占比": "6.9%",
      "大单封板": "否",
      "弱转强": "是",
      "涨跌幅": "10.10%",
      "最新价": 5.67,
      "换手率": "22.32%",
      "封板资金": "1.09亿",
      "成交额": 1583554768,
      "首次封板时间": "110112",
      "炸板次数": 1,
      "所属行业": "化学制药",
      "晋级概率_pct": 24.56,
      "题材簇": "医药/创新药",
      "类似标的": "同线: 哈药股份、永安药业"
    },
    {
      "代码": "000504",
      "名称": "南华生物",
      "涨停原因": "细胞医疗+中报预增+湖南国资",
      "连板数": 2,
      "晋级概率": 0.24524254294567163,
      "封单占比": "16.0%",
      "大单封板": "是",
      "弱转强": "是",
      "涨跌幅": "9.99%",
      "最新价": 9.36,
      "换手率": "8.53%",
      "封板资金": "4125.14万",
      "成交额": 258489884,
      "首次封板时间": "093918",