{
  "trade_date": "20260611",
  "min_boards": 2,
  "hist_pairs": 20,
  "calibration": {
    "lookback_pairs": 38,
    "min_boards": 2,
    "laplace_alpha": 1.0,
    "shrink_to_overall": 0.15,
    "board_rates": {
      "2": 0.2669583118888317,
      "3": 0.3518479033404406,
      "4": 0.2572330654420207,
      "5": 0.3152985074626865,
      "6": 0.1630597014925373
    },
    "overall_ge2_rate": 0.2835820895522388,
    "factor_multipliers": {
      "early_seal": 1.0121,
      "zero_zhaban": 1.08,
      "heavy_seal": 1.08,
      "big_order_seal": 0.9866,
      "weak_to_strong": 0.92
    },
    "backtest_summary": {
      "source": "15d_empirical_recalibration",
      "trade_days": 39,
      "stock_samples": 201,
      "actual_promotion_rate": 0.2835820895522388,
      "brier_before": 0.1963420939422876,
      "brier_after": 0.19472540728577367,
      "pair_days": [
        "20260427",
        "20260428",
        "20260429",
        "20260430",
        "20260506",
        "20260507",
        "20260508",
        "20260511",
        "20260512",
        "20260513",
        "20260514",
        "20260515",
        "20260518",
        "20260519",
        "20260520",
        "20260521",
        "20260522",
        "20260525",
        "20260526",
        "20260527",
        "20260528",
        "20260529",
        "20260601",
        "20260602",
        "20260603",
        "20260604",
        "20260605",
        "20260608",
        "20260609",
        "20260610",
        "20260611",
        "20260612",
        "20260615",
        "20260616",
        "20260617",
        "20260618",
        "20260622",
        "20260623",
        "20260624"
      ]
    }
  },
  "rates_by_board": {
    "1": {
      "n": 1,
      "total": 56,
      "promoted": 7,
      "rate": 0.125
    },
    "2": {
      "n": 2,
      "total": 13,
      "promoted": 4,
      "rate": 0.2669583118888317,
      "calibrated": true
    },
    "3": {
      "n": 3,
      "total": 1,
      "promoted": 0,
      "rate": 0.3518479033404406,
      "calibrated": true
    },
    "4": {
      "n": 4,
      "total": 1,
      "promoted": 0,
      "rate": 0.2572330654420207,
      "calibrated": true
    },
    "5": {
      "n": 5,
      "total": 0,
      "promoted": 0,
      "rate": 0.3152985074626865,
      "calibrated": true
    },
    "6": {
      "n": 6,
      "total": 0,
      "promoted": 0,
      "rate": 0.1630597014925373,
      "calibrated": true
    }
  },
  "stocks": [
    {
      "代码": "600500",
      "名称": "中化国际",
      "涨停原因": "收购南通星辰+PPE树脂+芳纶+央企",
      "连板数": 3,
      "晋级概率": 0.4153611787292111,
      "封单占比": "108.2%",
      "大单封板": "强封",
      "弱转强": "否",
      "涨跌幅": "10.08%",
      "最新价": 7.21,
      "换手率": "1.08%",
      "封板资金": "3.03亿",
      "成交额": 280375328,
      "首次封板时间": "092501",
      "炸板次数": 0,
      "所属行业": "化学制品",
      "晋级概率_pct": 41.54,
      "题材簇": "磷化铟/半导体材料",
      "类似标的": "同线: XD宿迁联、和远气体、康强电子 | 似近月龙头: 旭光电子"
    },
    {
      "代码": "603065",
      "名称": "XD宿迁联",
      "涨停原因": "跨界磷化铟衬底+光稳定剂",
      "连板数": 3,
      "晋级概率": 0.4153611787292111,
      "封单占比": "107.4%",
      "大单封板": "强封",
      "弱转强": "否",
      "涨跌幅": "9.96%",
      "最新价": 12.36,
      "换手率": "3.07%",
      "封板资金": "1.71亿",
      "成交额": 158853501,
      "首次封板时间": "092502",
      "炸板次数": 0,
      "所属行业": "化学制品",
      "晋级概率_pct": 41.54,
      "题材簇": "磷化铟/半导体材料",
      "类似标的": "同线: 中化国际、和远气体、康强电子 | 似近月龙头: 旭光电子"
    },
    {
      "代码": "002971",
      "名称": "和远气体",
      "涨停原因": "六氟化钨+电子特气+硅基新材料",
      "连板数": 3,
      "晋级概率": 0.3232267762512864,
      "封单占比": "14.9%",
      "大单封板": "是",
      "弱转强": "是",
      "涨跌幅": "10.01%",
      "最新价": 52.75,
      "换手率": "15.22%",
      "封板资金": "1.86亿",
      "成交额": 1248622368,
      "首次封板时间": "092500",
      "炸板次数": 2,
      "所属行业": "化学制品",
      "晋级概率_pct": 32.32,
      "题材簇": "磷化铟/半导体材料",
      "类似标的": "同线: XD宿迁联、中化国际、康强电子 | 似近月龙头: 旭光电子"
    },
    {
      "代码": "000048",
      "名称": "京基智农",
      "涨停原因": "协议转让+生猪养殖+猪价反弹+机器人",
      "连板数": 3,
      "晋级概率": 0.3232267762512864,
      "封单占比": "13.1%",
      "大单封板": "是",
      "弱转强": "是",
      "涨跌幅": "9.98%",
      "最新价": 19.61,
      "换手率": "5.51%",
      "封板资金": "7329.32万",
      "成交额": 560492848,
      "首次封板时间": "093118",
      "炸板次数": 1,
      "所属行业": "养殖业",
      "晋级概率_pct": 32.32,
      "题材簇": "AI/算力/机器人",
      "类似标的": "似近月龙头: 天娱数科"
    },
    {
      "代码": "600665",
      "名称": "天地源",
      "涨停原因": "跨界并购+长租公寓运营+国企改革",
      "连板数": 2,
      "晋级概率": 0.3151478751044776,
      "封单占比": "33.1%",
      "大单封板": "强封",
      "弱转强": "否",
      "涨跌幅": "10.00%",
      "最新价": 4.07,
      "换手率": "4.13%",
      "封板资金": "4762.25万",
      "成交额": 143918137,
      "首次封板时间": "093025",
      "炸板次数": 0,
      "所属行业": "房地产开",
      "晋级概率_pct": 31.51,
      "题材簇": "地产/城开",
      "类似标的": "-"
    },
    {
      "代码": "600178",
      "名称": "东安动力",
      "涨停原因": "增程动力+华为合作+兵装重组+央企",
      "连板数": 2,
      "晋级概率": 0.3151478751044776,
      "封单占比": "22.2%",
      "大单封板": "强封",
      "弱转强": "否",
      "涨跌幅": "9.99%",
      "最新价": 10.57,
      "换手率": "4.36%",
      "封板资金": "4599.85万",
      "成交额": 207046853,
      "首次封板时间": "095054",
      "炸板次数": 0,
      "所属行业": "汽车零部",
      "晋级概率_pct": 31.51,
      "题材簇": "行业:汽车零部",
      "类似标的": "-"
    },
    {
      "代码": "600378",
      "名称": "昊华科技",
      "涨停原因": "六氟化钨+PCB概念+氟化工+央企",
      "连板数": 2,
      "晋级概率": 0.24857342686567163,
      "封单占比": "3.8%",
      "大单封板": "否",
      "弱转强": "是",
      "涨跌幅": "10.00%",
      "最新价": 63.89,
      "换手率": "7.44%",
      "封板资金": "1.93亿",
      "成交额": 5058464512,
      "首次封板时间": "092501",
      "炸板次数": 8,
      "所属行业": "化学制品",
      "晋级概率_pct": 24.86,
      "题材簇": "磷化铟/半导体材料",
      "类似标的": "同线: XD宿迁联、中化国际、和远气体 | 似近月龙头: 旭光电子"
    },
    {
      "代码": "002119",
      "名称": "康强电子",
      "涨停原因": "封装材料+引线框架+产能满产+回购",
      "连板数": 2,
      "晋级概率": 0.24857342686567163,
      "封单占比": "7.1%",
      "大单封板": "否",
      "弱转强": "是",
      "涨跌幅": "10.01%",
      "最新价": 31.2,
      "换手率": "14.58%",
      "封板资金": "1.20亿",
      "成交额": 1675638144,
      "首次封板时间": "093118",
      "炸板次数": 1,
      "所属行业": "半导体",
      "晋级概率_pct": 24.86,
      "题材簇": "磷化铟/半导体材料",
      "类似标的": "同线: XD宿迁联、中化国际、和远气体 | 似近月龙头: 旭光电子"
    },
    {
      "代码": "603155",
      "名称": "新亚强",
      "涨停原因": "半导体材料+高纯四氯化硅+光纤概念+锂电池",
      "连板数": 2,
      "晋级概率": 0.24857342686567163,
      "封单占比": "3.3%",
      "大单封板": "否",
      "弱转强": "是",
      "涨跌幅": "9.98%",
      "最新价": 25.12,
      "换手率": "11.99%",
      "封板资金": "2992.25万",
      "成交额": 918227120,
      "首次封板时间": "093404",
      "炸板次数": 1,
      "所属行业": "化学制品",
      "晋级概率_pct": 24.86,
      "题材簇": "磷化铟/半导体材料",
      "类似标的": "同线: XD宿迁联、中化国际、和远气体 | 似近月龙头: 旭光电子"
    },
    {
      "代码": "002409",
      "名称": "雅克科技",
      "涨停原因": "存储芯片+HBM前驱体+半导体材料",
      "连板数": 2,
      "晋级概率": 0.24560164693772515,
      "封单占比": "0.4%",
      "大单封板": "否",
      "弱转强": "是",
      "涨跌幅": "10.00%",
      "最新价": 134.81,
      "换手率": "18.10%",
      "封板资金": "3142.35万",
      "成交额": 7504770560,
      "首次封板时间": "131933",
      "炸板次数": 4,
      "所属行业": "半导体",
      "晋级概率_pct": 24.56,
      "题材簇": "磷化铟/半导体材料",
      "类似标的": "同线: XD宿迁联、中化国际、和远气体 | 似近月龙头: 旭光电子"
    },
    {
      "代码": "002165",
      "名称": "红 宝 丽",
      "涨停原因": "环氧丙烷+技改试产+聚氨酯龙头",
      "连板数": 2,
      "晋级概率": 0.24560164693772515,
      "封单占比": "4.6%",
      "大单封板": "否",
      "弱转强": "是",
      "涨跌幅": "10.00%",
      "最新价": 8.03,
      "换手率": "24.16%",
      "封板资金": "6224.53万",
      "成交额": 1367346544,
      "首次封板时间": "132724",
      "炸板次数": 1,
      "所属行业": "化学制品",
      "晋级概率_pct": 24.56,
      "题材簇": "化工/磷",
      "类似标的": "-"
    }
  ],
  "by_boards": {
    "3": [
      {
        "代码": "600500",
        "名称": "中化国际",
        "涨停原因": "收购南通星辰+PPE树脂+芳纶+央企",
        "连板数": 3,
        "晋级概率": 0.4153611787292111,
        "封单占比": "108.2%",
        "大单封板": "强封",
        "弱转强": "否",
        "涨跌幅": "10.08%",
        "最新价": 7.21,
        "换手率": "1.08%",
        "封板资金": "3.03亿",
        "成交额": 280375328,
        "首次封板时间": "092501",