{
  "trade_date": "20260526",
  "min_boards": 2,
  "hist_pairs": 20,
  "calibration": {
    "lookback_pairs": 29,
    "min_boards": 2,
    "laplace_alpha": 1.0,
    "shrink_to_overall": 0.15,
    "board_rates": {
      "2": 0.26257090991604265,
      "3": 0.3729885057471265,
      "4": 0.27478632478632475,
      "5": 0.31474358974358974,
      "6": 0.16217948717948716,
      "7": 0.16217948717948716
    },
    "overall_ge2_rate": 0.28205128205128205,
    "factor_multipliers": {
      "early_seal": 1.0506,
      "zero_zhaban": 1.0569,
      "heavy_seal": 1.08,
      "big_order_seal": 1.08,
      "weak_to_strong": 0.9635
    },
    "backtest_summary": {
      "source": "15d_empirical_recalibration",
      "trade_days": 30,
      "stock_samples": 156,
      "actual_promotion_rate": 0.28205128205128205,
      "brier_before": 0.19513640904203408,
      "brier_after": 0.19513640904203408,
      "pair_days": [
        "20260427",
        "20260428",
        "20260429",
        "20260430",
        "20260506",
        "20260507",
        "20260508",
        "20260511",
        "20260512",
        "20260513",
        "20260514",
        "20260515",
        "20260518",
        "20260519",
        "20260520",
        "20260521",
        "20260522",
        "20260525",
        "20260526",
        "20260527",
        "20260528",
        "20260529",
        "20260601",
        "20260602",
        "20260603",
        "20260604",
        "20260605",
        "20260608",
        "20260609",
        "20260610"
      ]
    }
  },
  "rates_by_board": {
    "1": {
      "n": 1,
      "total": 212,
      "promoted": 36,
      "rate": 0.16981132075471697
    },
    "2": {
      "n": 2,
      "total": 32,
      "promoted": 9,
      "rate": 0.26257090991604265,
      "calibrated": true
    },
    "3": {
      "n": 3,
      "total": 5,
      "promoted": 1,
      "rate": 0.3729885057471265,
      "calibrated": true
    },
    "4": {
      "n": 4,
      "total": 2,
      "promoted": 0,
      "rate": 0.27478632478632475,
      "calibrated": true
    },
    "7": {
      "n": 7,
      "total": 1,
      "promoted": 0,
      "rate": 0.16217948717948716,
      "calibrated": true
    },
    "5": {
      "n": 5,
      "total": 0,
      "promoted": 0,
      "rate": 0.31474358974358974,
      "calibrated": true
    },
    "6": {
      "n": 6,
      "total": 0,
      "promoted": 0,
      "rate": 0.16217948717948716,
      "calibrated": true
    }
  },
  "stocks": [
    {
      "代码": "002552",
      "名称": "宝鼎科技",
      "涨停原因": "PCB铜箔+黄金采选+Q1业绩大增",
      "连板数": 3,
      "晋级概率": 0.39421155172413797,
      "封单占比": "5.3%",
      "大单封板": "否",
      "弱转强": "否",
      "涨跌幅": "10.00%",
      "最新价": 48.18,
      "换手率": "9.80%",
      "封板资金": "8855.97万",
      "成交额": 1655394464,
      "首次封板时间": "130251",
      "炸板次数": 0,
      "所属行业": "元件",
      "晋级概率_pct": 39.42
    },
    {
      "代码": "002585",
      "名称": "双星新材",
      "涨停原因": "MLCC离型膜+复合铜箔+扭亏为盈",
      "连板数": 3,
      "晋级概率": 0.37755877120689657,
      "封单占比": "2.6%",
      "大单封板": "否",
      "弱转强": "是",
      "涨跌幅": "10.02%",
      "最新价": 10.87,
      "换手率": "24.12%",
      "封板资金": "5860.17万",
      "成交额": 2264225456,
      "首次封板时间": "094257",
      "炸板次数": 3,
      "所属行业": "塑料",
      "晋级概率_pct": 37.76
    },
    {
      "代码": "600172",
      "名称": "黄河旋风",
      "涨停原因": "AI芯片散热+培育钻石+超硬材料",
      "连板数": 3,
      "晋级概率": 0.37755877120689657,
      "封单占比": "1.0%",
      "大单封板": "否",
      "弱转强": "是",
      "涨跌幅": "10.01%",
      "最新价": 13.3,
      "换手率": "24.25%",
      "封板资金": "4164.63万",
      "成交额": 4052724272,
      "首次封板时间": "100741",
      "炸板次数": 11,
      "所属行业": "通用设备",
      "晋级概率_pct": 37.76
    },
    {
      "代码": "000510",
      "名称": "新金路",
      "涨停原因": "石英砂+锡钨钽铌+氯碱龙头",
      "连板数": 3,
      "晋级概率": 0.37755877120689657,
      "封单占比": "1.0%",
      "大单封板": "否",
      "弱转强": "是",
      "涨跌幅": "9.98%",
      "最新价": 18.07,
      "换手率": "13.58%",
      "封板资金": "1374.02万",
      "成交额": 1430219920,
      "首次封板时间": "102439",
      "炸板次数": 10,
      "所属行业": "化学原料",
      "晋级概率_pct": 37.76
    },
    {
      "代码": "002388",
      "名称": "新亚制程",
      "涨停原因": "第一大客户华为+锂电材料+六氟磷酸锂+电子信息产品",
      "连板数": 2,
      "晋级概率": 0.3148775220329203,
      "封单占比": "174.1%",
      "大单封板": "强封",
      "弱转强": "否",
      "涨跌幅": "10.09%",
      "最新价": 6.44,
      "换手率": "2.42%",
      "封板资金": "1.38亿",
      "成交额": 79012991,
      "首次封板时间": "092500",
      "炸板次数": 0,
      "所属行业": "其他电子",
      "晋级概率_pct": 31.49
    },
    {
      "代码": "600520",
      "名称": "三佳科技",
      "涨停原因": "先进封装+半导体设备+合肥国资+一季报扭亏",
      "连板数": 2,
      "晋级概率": 0.3148775220329203,
      "封单占比": "47.0%",
      "大单封板": "强封",
      "弱转强": "否",
      "涨跌幅": "10.01%",
      "最新价": 36.82,
      "换手率": "5.12%",
      "封板资金": "1.40亿",
      "成交额": 298538784,
      "首次封板时间": "092501",
      "炸板次数": 0,
      "所属行业": "专用设备",
      "晋级概率_pct": 31.49
    },
    {
      "代码": "600162",
      "名称": "香江控股",
      "涨停原因": "广州项目+家居商贸+养老服务",
      "连板数": 2,
      "晋级概率": 0.3148775220329203,
      "封单占比": "149.0%",
      "大单封板": "强封",
      "弱转强": "否",
      "涨跌幅": "9.95%",
      "最新价": 2.1,
      "换手率": "0.90%",
      "封板资金": "9167.33万",
      "成交额": 61537247,
      "首次封板时间": "092503",
      "炸板次数": 0,
      "所属行业": "房地产开",
      "晋级概率_pct": 31.49
    },
    {
      "代码": "000509",
      "名称": "华塑控股",
      "涨停原因": "拟定增+PCB钻针+CCER+湖北国资",
      "连板数": 2,
      "晋级概率": 0.3148775220329203,
      "封单占比": "12.5%",
      "大单封板": "是",
      "弱转强": "否",
      "涨跌幅": "9.98%",
      "最新价": 4.74,
      "换手率": "7.43%",
      "封板资金": "4641.83万",
      "成交额": 372628848,
      "首次封板时间": "093054",
      "炸板次数": 0,
      "所属行业": "光学光电",
      "晋级概率_pct": 31.49
    },
    {
      "代码": "600584",
      "名称": "长电科技",
      "涨停原因": "华为韬定律+CPO光引擎+先进封装+央企",
      "连板数": 2,
      "晋级概率": 0.2775111946902655,
      "封单占比": "1.7%",
      "大单封板": "否",
      "弱转强": "否",
      "涨跌幅": "10.00%",
      "最新价": 88.19,
      "换手率": "18.99%",
      "封板资金": "4.77亿",
      "成交额": 28784651008,
      "首次封板时间": "144416",
      "炸板次数": 0,
      "所属行业": "半导体",
      "晋级概率_pct": 27.75
    },
    {
      "代码": "002185",
      "名称": "华天科技",
      "涨停原因": "先进封装+30亿扩产+存储封测",
      "连板数": 2,
      "晋级概率": 0.2657882175323349,
      "封单占比": "7.4%",
      "大单封板": "否",
      "弱转强": "是",
      "涨跌幅": "10.02%",
      "最新价": 18.67,
      "换手率": "18.49%",
      "封板资金": "8.27亿",
      "成交额": 11243290624,
      "首次封板时间": "092500",
      "炸板次数": 6,
      "所属行业": "半导体",
      "晋级概率_pct": 26.58
    },
    {
      "代码": "600726",
      "名称": "华电能源",
      "涨停原因": "煤炭产销+热电联产+扭亏为盈+央企",
      "连板数": 2,
      "晋级概率": 0.2657882175323349,
      "封单占比": "8.1%",
      "大单封板": "否",
      "弱转强": "是",
      "涨跌幅": "9.97%",
      "最新价": 7.61,
      "换手率": "2.72%",
      "封板资金": "1.23亿",
      "成交额": 1519287472,
      "首次封板时间": "093954",
      "炸板次数": 1,
      "所属行业": "电力",
      "晋级概率_pct": 26.58
    },
    {
      "代码": "003036",
      "名称": "泰坦股份",
      "涨停原因": "电子布纺织机+纺织机器人+固态电池+高端纺机",
      "连板数": 2,
      "晋级概率": 0.2529870717041071,
      "封单占比": "2.0%",
      "大单封板": "否",
      "弱转强": "是",
      "涨跌幅": "10.00%",
      "最新价": 61.58,
      "换手率": "8.60%",
      "封板资金": "2248.29万",
      "成交额": 1103704560,
      "首次封板时间": "131151",
      "炸板次数": 4,
      "所属行业": "专用设备",
      "晋级概率_pct": 25.3
    }
  ],
  "by_boards": {
    "3": [
      {
        "代码": "002552",
        "名称": "宝鼎科技",
        "涨停原因": "PCB铜箔+黄金采选+Q1业绩大增",
        "连板数": 3,
        "晋级概率": 0.39421155172413797,
        "封单占比": "5.3%",
        "大单封板": "否",
        "弱转强": "否",
        "涨跌幅": "10.00%",
        "最新价": 48.18,
        "换手率": "9.80%",
        "封板资金": "8855.97万",
        "成交额": 1655394464,
        "首次封板时间": "130251",
        "炸板次数": 0,
        "所属行业": "元件",
        "晋级概率_pct": 39.42
      },
      {
        "代码": "002585",
        "名称": "双星新材",
        "涨停原因": "MLCC离型膜+复合铜箔+扭亏为盈",
        "连板数": 3,
        "晋级概率": 0.37755877120689657,
        "封单占比": "2.6%",
        "大单封板": "否",
        "弱转强": "是",