{
  "trade_date": "20260603",
  "min_boards": 2,
  "hist_pairs": 20,
  "calibration": {
    "lookback_pairs": 29,
    "min_boards": 2,
    "laplace_alpha": 1.0,
    "shrink_to_overall": 0.15,
    "board_rates": {
      "2": 0.26257090991604265,
      "3": 0.3729885057471265,
      "4": 0.27478632478632475,
      "5": 0.31474358974358974,
      "6": 0.16217948717948716,
      "7": 0.16217948717948716
    },
    "overall_ge2_rate": 0.28205128205128205,
    "factor_multipliers": {
      "early_seal": 1.0506,
      "zero_zhaban": 1.0569,
      "heavy_seal": 1.08,
      "big_order_seal": 1.08,
      "weak_to_strong": 0.9635
    },
    "backtest_summary": {
      "source": "15d_empirical_recalibration",
      "trade_days": 30,
      "stock_samples": 156,
      "actual_promotion_rate": 0.28205128205128205,
      "brier_before": 0.19513640904203408,
      "brier_after": 0.19513640904203408,
      "pair_days": [
        "20260427",
        "20260428",
        "20260429",
        "20260430",
        "20260506",
        "20260507",
        "20260508",
        "20260511",
        "20260512",
        "20260513",
        "20260514",
        "20260515",
        "20260518",
        "20260519",
        "20260520",
        "20260521",
        "20260522",
        "20260525",
        "20260526",
        "20260527",
        "20260528",
        "20260529",
        "20260601",
        "20260602",
        "20260603",
        "20260604",
        "20260605",
        "20260608",
        "20260609",
        "20260610"
      ]
    }
  },
  "rates_by_board": {
    "1": {
      "n": 1,
      "total": 577,
      "promoted": 79,
      "rate": 0.1369150779896014
    },
    "2": {
      "n": 2,
      "total": 77,
      "promoted": 23,
      "rate": 0.26257090991604265,
      "calibrated": true
    },
    "3": {
      "n": 3,
      "total": 18,
      "promoted": 6,
      "rate": 0.3729885057471265,
      "calibrated": true
    },
    "4": {
      "n": 4,
      "total": 7,
      "promoted": 2,
      "rate": 0.27478632478632475,
      "calibrated": true
    },
    "5": {
      "n": 5,
      "total": 2,
      "promoted": 0,
      "rate": 0.31474358974358974,
      "calibrated": true
    },
    "7": {
      "n": 7,
      "total": 1,
      "promoted": 0,
      "rate": 0.16217948717948716,
      "calibrated": true
    },
    "6": {
      "n": 6,
      "total": 0,
      "promoted": 0,
      "rate": 0.16217948717948716,
      "calibrated": true
    }
  },
  "stocks": [
    {
      "代码": "603330",
      "名称": "天洋新材",
      "涨停原因": "光模块透镜固定用胶+电子胶+半导体",
      "连板数": 3,
      "晋级概率": 0.4472913487406897,
      "封单占比": "89.0%",
      "大单封板": "强封",
      "弱转强": "否",
      "涨跌幅": "10.04%",
      "最新价": 8.55,
      "换手率": "2.91%",
      "封板资金": "9010.68万",
      "成交额": 101203110,
      "首次封板时间": "092502",
      "炸板次数": 0,
      "所属行业": "塑料",
      "晋级概率_pct": 44.73
    },
    {
      "代码": "600367",
      "名称": "红星发展",
      "涨停原因": "碳酸锶涨价+玻璃基板上游+MLCC上游+青岛国资",
      "连板数": 3,
      "晋级概率": 0.4472913487406897,
      "封单占比": "34.4%",
      "大单封板": "强封",
      "弱转强": "否",
      "涨跌幅": "9.99%",
      "最新价": 42.72,
      "换手率": "4.04%",
      "封板资金": "1.90亿",
      "成交额": 552223744,
      "首次封板时间": "093118",
      "炸板次数": 0,
      "所属行业": "化学原料",
      "晋级概率_pct": 44.73
    },
    {
      "代码": "600403",
      "名称": "大有能源",
      "涨停原因": "煤炭+河南国资重组+国企改革",
      "连板数": 3,
      "晋级概率": 0.4141586562413793,
      "封单占比": "8.7%",
      "大单封板": "否",
      "弱转强": "否",
      "涨跌幅": "9.97%",
      "最新价": 6.73,
      "换手率": "4.04%",
      "封板资金": "5557.68万",
      "成交额": 636113504,
      "首次封板时间": "094353",
      "炸板次数": 0,
      "所属行业": "煤炭开采",
      "晋级概率_pct": 41.42
    },
    {
      "代码": "300197",
      "名称": "节能铁汉",
      "涨停原因": "重大资产重组+生态环保+央企",
      "连板数": 3,
      "晋级概率": 0.37755877120689657,
      "封单占比": "4.0%",
      "大单封板": "否",
      "弱转强": "是",
      "涨跌幅": "19.83%",
      "最新价": 2.78,
      "换手率": "15.78%",
      "封板资金": "5141.00万",
      "成交额": 1275113024,
      "首次封板时间": "093357",
      "炸板次数": 6,
      "所属行业": "基础建设",
      "晋级概率_pct": 37.76
    },
    {
      "代码": "600121",
      "名称": "郑州煤电",
      "涨停原因": "煤炭+机器人+算力中心+郑州国资",
      "连板数": 3,
      "晋级概率": 0.3593744252873564,
      "封单占比": "3.0%",
      "大单封板": "否",
      "弱转强": "是",
      "涨跌幅": "10.06%",
      "最新价": 5.69,
      "换手率": "23.96%",
      "封板资金": "4569.61万",
      "成交额": 1541583728,
      "首次封板时间": "141931",
      "炸板次数": 1,
      "所属行业": "煤炭开采",
      "晋级概率_pct": 35.94
    },
    {
      "代码": "600255",
      "名称": "鑫科材料",
      "涨停原因": "高速铜连接+铜合金板带+一季报增长+国资",
      "连板数": 2,
      "晋级概率": 0.3148775220329203,
      "封单占比": "155.7%",
      "大单封板": "强封",
      "弱转强": "否",
      "涨跌幅": "10.03%",
      "最新价": 4.39,
      "换手率": "3.13%",
      "封板资金": "3.86亿",
      "成交额": 247819332,
      "首次封板时间": "092500",
      "炸板次数": 0,
      "所属行业": "金属新材",
      "晋级概率_pct": 31.49
    },
    {
      "代码": "002137",
      "名称": "实益达",
      "涨停原因": "先进封装+间接投资宇树科技+智能硬件",
      "连板数": 2,
      "晋级概率": 0.3148775220329203,
      "封单占比": "53.1%",
      "大单封板": "强封",
      "弱转强": "否",
      "涨跌幅": "10.05%",
      "最新价": 10.4,
      "换手率": "7.64%",
      "封板资金": "1.66亿",
      "成交额": 312508576,
      "首次封板时间": "093009",
      "炸板次数": 0,
      "所属行业": "光学光电",
      "晋级概率_pct": 31.49
    },
    {
      "代码": "600487",
      "名称": "亨通光电",
      "涨停原因": "多芯光纤+CPO+一季报增长",
      "连板数": 2,
      "晋级概率": 0.2870512749349217,
      "封单占比": "13.5%",
      "大单封板": "是",
      "弱转强": "是",
      "涨跌幅": "10.00%",
      "最新价": 91.43,
      "换手率": "2.86%",
      "封板资金": "8.56亿",
      "成交额": 6333266176,
      "首次封板时间": "093208",
      "炸板次数": 1,
      "所属行业": "通信设备",
      "晋级概率_pct": 28.71
    },
    {
      "代码": "600936",
      "名称": "北投科技",
      "涨停原因": "AI应用+机器人概念+智慧交通+广西国资",
      "连板数": 2,
      "晋级概率": 0.2657882175323349,
      "封单占比": "2.6%",
      "大单封板": "否",
      "弱转强": "是",
      "涨跌幅": "9.97%",
      "最新价": 6.51,
      "换手率": "11.82%",
      "封板资金": "3315.77万",
      "成交额": 1251888640,
      "首次封板时间": "094944",
      "炸板次数": 4,
      "所属行业": "IT服务Ⅱ",
      "晋级概率_pct": 26.58
    },
    {
      "代码": "000700",
      "名称": "模塑科技",
      "涨停原因": "金融资产出售+人形机器人+保险杠龙头",
      "连板数": 2,
      "晋级概率": 0.2657882175323349,
      "封单占比": "0.6%",
      "大单封板": "否",
      "弱转强": "是",
      "涨跌幅": "10.02%",
      "最新价": 16.58,
      "换手率": "16.13%",
      "封板资金": "1459.04万",
      "成交额": 2389154944,
      "首次封板时间": "101854",
      "炸板次数": 10,
      "所属行业": "汽车零部",
      "晋级概率_pct": 26.58
    },
    {
      "代码": "603311",
      "名称": "金海高科",
      "涨停原因": "控制权变更+新能源车过滤+空气过滤+大飞机",
      "连板数": 2,
      "晋级概率": 0.2529870717041071,
      "封单占比": "8.0%",
      "大单封板": "否",
      "弱转强": "是",
      "涨跌幅": "10.00%",
      "最新价": 37.51,
      "换手率": "8.97%",
      "封板资金": "6060.12万",
      "成交额": 758876768,
      "首次封板时间": "131802",
      "炸板次数": 6,
      "所属行业": "家电零部",
      "晋级概率_pct": 25.3
    }
  ],
  "by_boards": {
    "3": [
      {
        "代码": "603330",
        "名称": "天洋新材",
        "涨停原因": "光模块透镜固定用胶+电子胶+半导体",
        "连板数": 3,
        "晋级概率": 0.4472913487406897,
        "封单占比": "89.0%",
        "大单封板": "强封",
        "弱转强": "否",
        "涨跌幅": "10.04%",
        "最新价": 8.55,
        "换手率": "2.91%",
        "封板资金": "9010.68万",
        "成交额": 101203110,
        "首次封板时间": "092502",
        "炸板次数": 0,
        "所属行业": "塑料",
        "晋级概率_pct": 44.73
      },
      {
        "代码": "600367",
        "名称": "红星发展",
        "涨停原因": "碳酸锶涨价+玻璃基板上游+MLCC上游+青岛国资",
        "连板数": 3,
        "晋级概率": 0.4472913487406897,
        "封单占比": "34.4%",
        "大单封板": "强封",
        "弱转强": "否",
        "涨跌幅": "9.99%",
        "最新价": 42.72,
        "换手率": "4.04%",
        "封板资金": "1.90亿",
        "成交额": 552223744,
        "首次封板时间": "093118",
        "炸板次数": 0,
        "所属行业": "化学原料",
        "晋级概率_pct": 44.73
      },
      {
        "代码": "600403",
        "名称": "大有能源",
        "涨停原因": "煤炭+河南国资重组+国企改革",
        "连板数": 3,
        "晋级概率": 0.4141586562413793,
        "封单占比": "8.7%",