{
  "trade_date": "20260521",
  "min_boards": 2,
  "hist_pairs": 20,
  "calibration": {
    "lookback_pairs": 17,
    "min_boards": 2,
    "laplace_alpha": 1.0,
    "shrink_to_overall": 0.15,
    "board_rates": {
      "2": 0.26273416082851053,
      "3": 0.3438921282798834,
      "4": 0.36020408163265305,
      "5": 0.5674198250728862,
      "6": 0.43632653061224486,
      "7": 0.4137755102040816,
      "8": 0.17308673469387753
    },
    "overall_ge2_rate": 0.3010204081632653,
    "factor_multipliers": {
      "early_seal": 1.0327,
      "zero_zhaban": 1.0501,
      "heavy_seal": 1.08,
      "big_order_seal": 1.08,
      "weak_to_strong": 0.9548
    },
    "backtest_summary": {
      "source": "15d_empirical_recalibration",
      "trade_days": 18,
      "stock_samples": 196,
      "actual_promotion_rate": 0.3010204081632653,
      "brier_before": 0.203084326411512,
      "brier_after": 0.19912267469074235,
      "pair_days": [
        "20260427",
        "20260428",
        "20260429",
        "20260430",
        "20260506",
        "20260507",
        "20260508",
        "20260511",
        "20260512",
        "20260513",
        "20260514",
        "20260515",
        "20260518",
        "20260519",
        "20260520",
        "20260521",
        "20260525",
        "20260526"
      ]
    }
  },
  "rates_by_board": {
    "1": {
      "n": 1,
      "total": 736,
      "promoted": 100,
      "rate": 0.1358695652173913
    },
    "2": {
      "n": 2,
      "total": 109,
      "promoted": 30,
      "rate": 0.26273416082851053,
      "calibrated": true
    },
    "3": {
      "n": 3,
      "total": 33,
      "promoted": 12,
      "rate": 0.3438921282798834,
      "calibrated": true
    },
    "4": {
      "n": 4,
      "total": 14,
      "promoted": 6,
      "rate": 0.36020408163265305,
      "calibrated": true
    },
    "5": {
      "n": 5,
      "total": 6,
      "promoted": 4,
      "rate": 0.5674198250728862,
      "calibrated": true
    },
    "6": {
      "n": 6,
      "total": 4,
      "promoted": 2,
      "rate": 0.43632653061224486,
      "calibrated": true
    },
    "7": {
      "n": 7,
      "total": 1,
      "promoted": 1,
      "rate": 0.4137755102040816,
      "calibrated": true
    },
    "8": {
      "n": 8,
      "total": 1,
      "promoted": 0,
      "rate": 0.17308673469387753,
      "calibrated": true
    }
  },
  "stocks": [
    {
      "代码": "603779",
      "名称": "威龙股份",
      "连板数": 7,
      "晋级概率": 0.40799173957142854,
      "大单封板": "否",
      "弱转强": "是",
      "涨跌幅": "10.00%",
      "最新价": 14.52,
      "换手率": "42.63%",
      "封板资金": "4146.08万",
      "首次封板时间": "092502",
      "炸板次数": 2,
      "所属行业": "非白酒",
      "晋级概率_pct": 40.8,
      "涨停原因": "无注入“算力”相关计划+淄博国资入主+葡萄酒+白兰地",
      "封单占比": "2.0%"
    },
    {
      "代码": "603316",
      "名称": "诚邦股份",
      "连板数": 4,
      "晋级概率": 0.34392285714285714,
      "大单封板": "否",
      "弱转强": "是",
      "涨跌幅": "10.01%",
      "最新价": 27.25,
      "换手率": "30.80%",
      "封板资金": "730.44万",
      "首次封板时间": "110608",
      "炸板次数": 3,
      "所属行业": "基础建设",
      "晋级概率_pct": 34.39,
      "涨停原因": "存储芯片+定增扩产+业绩暴增",
      "封单占比": "0.3%"
    },
    {
      "代码": "300069",
      "名称": "金利华电",
      "连板数": 2,
      "晋级概率": 0.30771249714587345,
      "大单封板": "强封",
      "弱转强": "否",
      "涨跌幅": "19.99%",
      "最新价": 44.06,
      "换手率": "0.44%",
      "封板资金": "3.85亿",
      "首次封板时间": "092500",
      "炸板次数": 0,
      "所属行业": "电网设备",
      "晋级概率_pct": 30.77,
      "涨停原因": "收购中科西光+商业航天+昨日复牌+特高压玻璃绝缘子",
      "封单占比": "1688.1%"
    },
    {
      "代码": "600611",
      "名称": "大众交通",
      "连板数": 2,
      "晋级概率": 0.2797865843966098,
      "大单封板": "是",
      "弱转强": "是",
      "涨跌幅": "10.08%",
      "最新价": 5.57,
      "换手率": "9.77%",
      "封板资金": "1.21亿",
      "首次封板时间": "093842",
      "炸板次数": 1,
      "所属行业": "铁路公路",
      "晋级概率_pct": 27.98,
      "涨停原因": "间接投资长江存储+智能网联+上海出租车",
      "封单占比": "14.5%"
    },
    {
      "代码": "000518",
      "名称": "四环生物",
      "连板数": 2,
      "晋级概率": 0.25906165221908317,
      "大单封板": "否",
      "弱转强": "是",
      "涨跌幅": "9.97%",
      "最新价": 3.75,
      "换手率": "17.91%",
      "封板资金": "6658.04万",
      "首次封板时间": "093257",
      "炸板次数": 1,
      "所属行业": "生物制品",
      "晋级概率_pct": 25.91,
      "涨停原因": "摘帽+生物医药+园林绿化",
      "封单占比": "10.0%"
    },
    {
      "代码": "002442",
      "名称": "龙星科技",
      "连板数": 2,
      "晋级概率": 0.25906165221908317,
      "大单封板": "否",
      "弱转强": "是",
      "涨跌幅": "10.00%",
      "最新价": 7.37,
      "换手率": "27.96%",
      "封板资金": "883.72万",
      "首次封板时间": "093854",
      "炸板次数": 7,
      "所属行业": "橡胶",
      "晋级概率_pct": 25.91,
      "涨停原因": "董事长增持+炭黑龙头+绿色降碳",
      "封单占比": "0.9%"
    }
  ],
  "by_boards": {
    "7": [
      {
        "代码": "603779",
        "名称": "威龙股份",
        "连板数": 7,
        "晋级概率": 0.40799173957142854,
        "大单封板": "否",
        "弱转强": "是",
        "涨跌幅": "10.00%",
        "最新价": 14.52,
        "换手率": "42.63%",
        "封板资金": "4146.08万",
        "首次封板时间": "092502",
        "炸板次数": 2,
        "所属行业": "非白酒",
        "晋级概率_pct": 40.8,
        "涨停原因": "无注入“算力”相关计划+淄博国资入主+葡萄酒+白兰地",
        "封单占比": "2.0%"
      }
    ],
    "4": [
      {
        "代码": "603316",
        "名称": "诚邦股份",
        "连板数": 4,
        "晋级概率": 0.34392285714285714,
        "大单封板": "否",
        "弱转强": "是",
        "涨跌幅": "10.01%",
        "最新价": 27.25,
        "换手率": "30.80%",
        "封板资金": "730.44万",
        "首次封板时间": "110608",
        "炸板次数": 3,
        "所属行业": "基础建设",
        "晋级概率_pct": 34.39,
        "涨停原因": "存储芯片+定增扩产+业绩暴增",
        "封单占比": "0.3%"
      }
    ],
    "2": [
      {
        "代码": "300069",
        "名称": "金利华电",
        "连板数": 2,
        "晋级概率": 0.30771249714587345,
        "大单封板": "强封",
        "弱转强": "否",
        "涨跌幅": "19.99%",
        "最新价": 44.06,
        "换手率": "0.44%",
        "封板资金": "3.85亿",
        "首次封板时间": "092500",
        "炸板次数": 0,
        "所属行业": "电网设备",
        "晋级概率_pct": 30.77,
        "涨停原因": "收购中科西光+商业航天+昨日复牌+特高压玻璃绝缘子",
        "封单占比": "1688.1%"
      },
      {
        "代码": "600611",
        "名称": "大众交通",
        "连板数": 2,
        "晋级概率": 0.2797865843966098,
        "大单封板": "是",
        "弱转强": "是",
        "涨跌幅": "10.08%",
        "最新价": 5.57,
        "换手率": "9.77%",
        "封板资金": "1.21亿",
        "首次封板时间": "093842",
        "炸板次数": 1,
        "所属行业": "铁路公路",
        "晋级概率_pct": 27.98,
        "涨停原因": "间接投资长江存储+智能网联+上海出租车",
        "封单占比": "14.5%"
      },
      {
        "代码": "000518",
        "名称": "四环生物",
        "连板数": 2,
        "晋级概率": 0.25906165221908317,
        "大单封板": "否",
        "弱转强": "是",
        "涨跌幅": "9.97%",
        "最新价": 3.75,
        "换手率": "17.91%",
        "封板资金": "6658.04万",
        "首次封板时间": "093257",
        "炸板次数": 1,
        "所属行业": "生物制品",
        "晋级概率_pct": 25.91,
        "涨停原因": "摘帽+生物医药+园林绿化",
        "封单占比": "10.0%"
      },
      {
        "代码": "002442",
        "名称": "龙星科技",
        "连板数": 2,
        "晋级概率": 0.25906165221908317,
        "大单封板": "否",
        "弱转强": "是",
        "涨跌幅": "10.00%",
        "最新价": 7.37,
        "换手率": "27.96%",
        "封板资金": "883.72万",
        "首次封板时间": "093854",
        "炸板次数": 7,
        "所属行业": "橡胶",
        "晋级概率_pct": 25.91,
        "涨停原因": "董事长增持+炭黑龙头+绿色降碳",
        "封单占比": "0.9%"
      }
    ]
  }
}