{
  "trade_date": "20260709",
  "min_boards": 2,
  "hist_pairs": 20,
  "calibration": {
    "lookback_pairs": 38,
    "min_boards": 2,
    "laplace_alpha": 1.0,
    "shrink_to_overall": 0.15,
    "board_rates": {
      "2": 0.2669583118888317,
      "3": 0.3518479033404406,
      "4": 0.2572330654420207,
      "5": 0.3152985074626865,
      "6": 0.1630597014925373
    },
    "overall_ge2_rate": 0.2835820895522388,
    "factor_multipliers": {
      "early_seal": 1.0121,
      "zero_zhaban": 1.08,
      "heavy_seal": 1.08,
      "big_order_seal": 0.9866,
      "weak_to_strong": 0.92
    },
    "backtest_summary": {
      "source": "15d_empirical_recalibration",
      "trade_days": 39,
      "stock_samples": 201,
      "actual_promotion_rate": 0.2835820895522388,
      "brier_before": 0.1963420939422876,
      "brier_after": 0.19472540728577367,
      "pair_days": [
        "20260427",
        "20260428",
        "20260429",
        "20260430",
        "20260506",
        "20260507",
        "20260508",
        "20260511",
        "20260512",
        "20260513",
        "20260514",
        "20260515",
        "20260518",
        "20260519",
        "20260520",
        "20260521",
        "20260522",
        "20260525",
        "20260526",
        "20260527",
        "20260528",
        "20260529",
        "20260601",
        "20260602",
        "20260603",
        "20260604",
        "20260605",
        "20260608",
        "20260609",
        "20260610",
        "20260611",
        "20260612",
        "20260615",
        "20260616",
        "20260617",
        "20260618",
        "20260622",
        "20260623",
        "20260624"
      ]
    }
  },
  "rates_by_board": {
    "1": {
      "n": 1,
      "total": 840,
      "promoted": 106,
      "rate": 0.1261904761904762
    },
    "2": {
      "n": 2,
      "total": 112,
      "promoted": 15,
      "rate": 0.2669583118888317,
      "calibrated": true
    },
    "3": {
      "n": 3,
      "total": 16,
      "promoted": 4,
      "rate": 0.3518479033404406,
      "calibrated": true
    },
    "4": {
      "n": 4,
      "total": 7,
      "promoted": 3,
      "rate": 0.2572330654420207,
      "calibrated": true
    },
    "5": {
      "n": 5,
      "total": 3,
      "promoted": 2,
      "rate": 0.3152985074626865,
      "calibrated": true
    },
    "6": {
      "n": 6,
      "total": 2,
      "promoted": 1,
      "rate": 0.1630597014925373,
      "calibrated": true
    },
    "7": {
      "n": 7,
      "total": 1,
      "promoted": 1,
      "rate": 1.0
    }
  },
  "stocks": [
    {
      "代码": "603137",
      "名称": "恒尚节能",
      "涨停原因": "拟收购存储公司+建筑幕墙+跨界转型",
      "连板数": 8,
      "晋级概率": 0.19249416913432835,
      "封单占比": "45.5%",
      "大单封板": "强封",
      "弱转强": "否",
      "涨跌幅": "10.00%",
      "最新价": 25.2,
      "换手率": "7.22%",
      "封板资金": "1.49亿",
      "成交额": 327029552,
      "首次封板时间": "093033",
      "炸板次数": 0,
      "所属行业": "装修装饰",
      "晋级概率_pct": 19.25,
      "题材簇": "行业:装修装饰",
      "类似标的": "-"
    },
    {
      "代码": "002841",
      "名称": "视源股份",
      "涨停原因": "中报预增+交互智能平板+AI教育+机器人",
      "连板数": 3,
      "晋级概率": 0.3276168419331911,
      "封单占比": "0.3%",
      "大单封板": "否",
      "弱转强": "是",
      "涨跌幅": "10.00%",
      "最新价": 52.13,
      "换手率": "9.72%",
      "封板资金": "851.80万",
      "成交额": 2546645776,
      "首次封板时间": "100642",
      "炸板次数": 69,
      "所属行业": "消费电子",
      "晋级概率_pct": 32.76,
      "题材簇": "AI/算力/机器人",
      "类似标的": "同线: 浙江美大、浪潮信息 | 似近月龙头: 天娱数科"
    },
    {
      "代码": "002677",
      "名称": "浙江美大",
      "涨停原因": "AI厨电+集成灶龙头+智能驾驶",
      "连板数": 2,
      "晋级概率": 0.3151478751044776,
      "封单占比": "52.8%",
      "大单封板": "强封",
      "弱转强": "否",
      "涨跌幅": "10.05%",
      "最新价": 7.23,
      "换手率": "2.78%",
      "封板资金": "5686.02万",
      "成交额": 107694056,
      "首次封板时间": "094118",
      "炸板次数": 0,
      "所属行业": "厨卫电器",
      "晋级概率_pct": 31.51,
      "题材簇": "AI/算力/机器人",
      "类似标的": "同线: 视源股份、浪潮信息 | 似近月龙头: 天娱数科"
    },
    {
      "代码": "002490",
      "名称": "山东墨龙",
      "涨停原因": "油气装备+海外大单+山东国资",
      "连板数": 2,
      "晋级概率": 0.28831497683993823,
      "封单占比": "6.4%",
      "大单封板": "否",
      "弱转强": "否",
      "涨跌幅": "10.04%",
      "最新价": 7.67,
      "换手率": "16.88%",
      "封板资金": "4347.59万",
      "成交额": 680389584,
      "首次封板时间": "110403",
      "炸板次数": 0,
      "所属行业": "专用设备",
      "晋级概率_pct": 28.83,
      "题材簇": "行业:专用设备",
      "类似标的": "-"
    },
    {
      "代码": "603928",
      "名称": "兴业股份",
      "涨停原因": "半导体光刻胶+CVD硅碳负极+铸造树脂",
      "连板数": 2,
      "晋级概率": 0.24857342686567163,
      "封单占比": "1.6%",
      "大单封板": "否",
      "弱转强": "是",
      "涨跌幅": "10.02%",
      "最新价": 18.0,
      "换手率": "19.69%",
      "封板资金": "1885.47万",
      "成交额": 1171837360,
      "首次封板时间": "093227",
      "炸板次数": 3,
      "所属行业": "塑料",
      "晋级概率_pct": 24.86,
      "题材簇": "磷化铟/半导体材料",
      "类似标的": "似近月龙头: 旭光电子"
    },
    {
      "代码": "000977",
      "名称": "浪潮信息",
      "涨停原因": "中报预增+AI服务器+液冷+山东国资",
      "连板数": 2,
      "晋级概率": 0.24857342686567163,
      "封单占比": "4.9%",
      "大单封板": "否",
      "弱转强": "是",
      "涨跌幅": "10.00%",
      "最新价": 85.99,
      "换手率": "14.87%",
      "封板资金": "9.17亿",
      "成交额": 18533723904,
      "首次封板时间": "093833",
      "炸板次数": 2,
      "所属行业": "计算机设",
      "晋级概率_pct": 24.86,
      "题材簇": "AI/算力/机器人",
      "类似标的": "同线: 视源股份、浙江美大 | 似近月龙头: 天娱数科"
    }
  ],
  "by_boards": {
    "8": [
      {
        "代码": "603137",
        "名称": "恒尚节能",
        "涨停原因": "拟收购存储公司+建筑幕墙+跨界转型",
        "连板数": 8,
        "晋级概率": 0.19249416913432835,
        "封单占比": "45.5%",
        "大单封板": "强封",
        "弱转强": "否",
        "涨跌幅": "10.00%",
        "最新价": 25.2,
        "换手率": "7.22%",
        "封板资金": "1.49亿",
        "成交额": 327029552,
        "首次封板时间": "093033",
        "炸板次数": 0,
        "所属行业": "装修装饰",
        "晋级概率_pct": 19.25,
        "题材簇": "行业:装修装饰",
        "类似标的": "-"
      }
    ],
    "3": [
      {
        "代码": "002841",
        "名称": "视源股份",
        "涨停原因": "中报预增+交互智能平板+AI教育+机器人",
        "连板数": 3,
        "晋级概率": 0.3276168419331911,
        "封单占比": "0.3%",
        "大单封板": "否",
        "弱转强": "是",
        "涨跌幅": "10.00%",
        "最新价": 52.13,
        "换手率": "9.72%",
        "封板资金": "851.80万",
        "成交额": 2546645776,
        "首次封板时间": "100642",
        "炸板次数": 69,
        "所属行业": "消费电子",
        "晋级概率_pct": 32.76,
        "题材簇": "AI/算力/机器人",
        "类似标的": "同线: 浙江美大、浪潮信息 | 似近月龙头: 天娱数科"
      }
    ],
    "2": [
      {
        "代码": "002677",
        "名称": "浙江美大",
        "涨停原因": "AI厨电+集成灶龙头+智能驾驶",
        "连板数": 2,
        "晋级概率": 0.3151478751044776,
        "封单占比": "52.8%",
        "大单封板": "强封",
        "弱转强": "否",
        "涨跌幅": "10.05%",
        "最新价": 7.23,
        "换手率": "2.78%",
        "封板资金": "5686.02万",
        "成交额": 107694056,
        "首次封板时间": "094118",
        "炸板次数": 0,
        "所属行业": "厨卫电器",
        "晋级概率_pct": 31.51,
        "题材簇": "AI/算力/机器人",
        "类似标的": "同线: 视源股份、浪潮信息 | 似近月龙头: 天娱数科"
      },
      {
        "代码": "002490",
        "名称": "山东墨龙",
        "涨停原因": "油气装备+海外大单+山东国资",
        "连板数": 2,
        "晋级概率": 0.28831497683993823,
        "封单占比": "6.4%",
        "大单封板": "否",
        "弱转强": "否",
        "涨跌幅": "10.04%",
        "最新价": 7.67,
        "换手率": "16.88%",
        "封板资金": "4347.59万",
        "成交额": 680389584,
        "首次封板时间": "110403",
        "炸板次数": 0,
        "所属行业": "专用设备",
        "晋级概率_pct": 28.83,
        "题材簇": "行业:专用设备",
        "类似标的": "-"
      },
      {
        "代码": "603928",
        "名称": "兴业股份",
        "涨停原因": "半导体光刻胶+CVD硅碳负极+铸造树脂",
        "连板数": 2,
        "晋级概率": 0.24857342686567163,
        "封单占比": "1.6%",
        "大单封板": "否",
        "弱转强": "是",
        "涨跌幅": "10.02%",
        "最新价": 18.0,
        "换手率": "19.69%",
        "封板资金": "1885.47万",
        "成交额": 1171837360,
        "首次封板时间": "093227",
        "炸板次数": 3,
        "所属行业": "塑料",
        "晋级概率_pct": 24.86,
        "题材簇": "磷化铟/半导体材料",
        "类似标的": "似近月龙头: 旭光电子"
      },
      {
        "代码": "000977",
        "名称": "浪潮信息",