{
  "trade_date": "20260717",
  "min_boards": 2,
  "hist_pairs": 20,
  "calibration": {
    "lookback_pairs": 38,
    "min_boards": 2,
    "laplace_alpha": 1.0,
    "shrink_to_overall": 0.15,
    "board_rates": {
      "2": 0.2669583118888317,
      "3": 0.3518479033404406,
      "4": 0.2572330654420207,
      "5": 0.3152985074626865,
      "6": 0.1630597014925373
    },
    "overall_ge2_rate": 0.2835820895522388,
    "factor_multipliers": {
      "early_seal": 1.0121,
      "zero_zhaban": 1.08,
      "heavy_seal": 1.08,
      "big_order_seal": 0.9866,
      "weak_to_strong": 0.92
    },
    "backtest_summary": {
      "source": "15d_empirical_recalibration",
      "trade_days": 39,
      "stock_samples": 201,
      "actual_promotion_rate": 0.2835820895522388,
      "brier_before": 0.1963420939422876,
      "brier_after": 0.19472540728577367,
      "pair_days": [
        "20260427",
        "20260428",
        "20260429",
        "20260430",
        "20260506",
        "20260507",
        "20260508",
        "20260511",
        "20260512",
        "20260513",
        "20260514",
        "20260515",
        "20260518",
        "20260519",
        "20260520",
        "20260521",
        "20260522",
        "20260525",
        "20260526",
        "20260527",
        "20260528",
        "20260529",
        "20260601",
        "20260602",
        "20260603",
        "20260604",
        "20260605",
        "20260608",
        "20260609",
        "20260610",
        "20260611",
        "20260612",
        "20260615",
        "20260616",
        "20260617",
        "20260618",
        "20260622",
        "20260623",
        "20260624"
      ]
    }
  },
  "rates_by_board": {
    "1": {
      "n": 1,
      "total": 962,
      "promoted": 121,
      "rate": 0.1257796257796258
    },
    "2": {
      "n": 2,
      "total": 129,
      "promoted": 19,
      "rate": 0.2669583118888317,
      "calibrated": true
    },
    "3": {
      "n": 3,
      "total": 19,
      "promoted": 5,
      "rate": 0.3518479033404406,
      "calibrated": true
    },
    "4": {
      "n": 4,
      "total": 4,
      "promoted": 3,
      "rate": 0.2572330654420207,
      "calibrated": true
    },
    "5": {
      "n": 5,
      "total": 3,
      "promoted": 1,
      "rate": 0.3152985074626865,
      "calibrated": true
    },
    "6": {
      "n": 6,
      "total": 1,
      "promoted": 1,
      "rate": 0.1630597014925373,
      "calibrated": true
    },
    "7": {
      "n": 7,
      "total": 1,
      "promoted": 1,
      "rate": 1.0
    },
    "8": {
      "n": 8,
      "total": 1,
      "promoted": 0,
      "rate": 0.0
    }
  },
  "stocks": [
    {
      "代码": "603580",
      "名称": "艾艾精工",
      "涨停原因": "控制权拟变更+复牌+轻型输送带+消费电子",
      "连板数": 4,
      "晋级概率": 0.30366709096670497,
      "封单占比": "7952.6%",
      "大单封板": "强封",
      "弱转强": "否",
      "涨跌幅": "9.99%",
      "最新价": 44.92,
      "换手率": "0.07%",
      "封板资金": "3.30亿",
      "成交额": 4155100,
      "首次封板时间": "092503",
      "炸板次数": 0,
      "所属行业": "塑料",
      "晋级概率_pct": 30.37,
      "题材簇": "行业:塑料",
      "类似标的": "-"
    },
    {
      "代码": "002677",
      "名称": "浙江美大",
      "涨停原因": "控制权变更+跨境电商+集成灶龙头",
      "连板数": 3,
      "晋级概率": 0.4153611787292111,
      "封单占比": "361.8%",
      "大单封板": "强封",
      "弱转强": "否",
      "涨跌幅": "9.96%",
      "最新价": 7.95,
      "换手率": "0.69%",
      "封板资金": "1.09亿",
      "成交额": 30101880,
      "首次封板时间": "092500",
      "炸板次数": 0,
      "所属行业": "厨卫电器",
      "晋级概率_pct": 41.54,
      "题材簇": "行业:厨卫电器",
      "类似标的": "-"
    },
    {
      "代码": "000676",
      "名称": "智度股份",
      "涨停原因": "中报预增+华为鲸鸿+数字营销",
      "连板数": 3,
      "晋级概率": 0.3538261892878465,
      "封单占比": "35.1%",
      "大单封板": "强封",
      "弱转强": "是",
      "涨跌幅": "9.97%",
      "最新价": 6.84,
      "换手率": "9.78%",
      "封板资金": "2.90亿",
      "成交额": 826848864,
      "首次封板时间": "093103",
      "炸板次数": 1,
      "所属行业": "广告营销",
      "晋级概率_pct": 35.38,
      "题材簇": "行业:广告营销",
      "类似标的": "-"
    },
    {
      "代码": "002632",
      "名称": "道明光学",
      "涨停原因": "AI手机+石墨烯散热+反光材料龙头",
      "连板数": 2,
      "晋级概率": 0.3151478751044776,
      "封单占比": "108.8%",
      "大单封板": "强封",
      "弱转强": "否",
      "涨跌幅": "9.97%",
      "最新价": 10.59,
      "换手率": "5.08%",
      "封板资金": "3.29亿",
      "成交额": 302701680,
      "首次封板时间": "093009",
      "炸板次数": 0,
      "所属行业": "塑料",
      "晋级概率_pct": 31.51,
      "题材簇": "AI/算力/机器人",
      "类似标的": "似近月龙头: 天娱数科"
    },
    {
      "代码": "603567",
      "名称": "珍宝岛",
      "涨停原因": "-",
      "连板数": 2,
      "晋级概率": 0.3151478751044776,
      "封单占比": "68.1%",
      "大单封板": "强封",
      "弱转强": "否",
      "涨跌幅": "10.04%",
      "最新价": 6.03,
      "换手率": "3.58%",
      "封板资金": "1.34亿",
      "成交额": 197201534,
      "首次封板时间": "093646",
      "炸板次数": 0,
      "所属行业": "中药Ⅱ",
      "晋级概率_pct": 31.51,
      "题材簇": "行业:中药Ⅱ",
      "类似标的": "-"
    }
  ],
  "by_boards": {
    "4": [
      {
        "代码": "603580",
        "名称": "艾艾精工",
        "涨停原因": "控制权拟变更+复牌+轻型输送带+消费电子",
        "连板数": 4,
        "晋级概率": 0.30366709096670497,
        "封单占比": "7952.6%",
        "大单封板": "强封",
        "弱转强": "否",
        "涨跌幅": "9.99%",
        "最新价": 44.92,
        "换手率": "0.07%",
        "封板资金": "3.30亿",
        "成交额": 4155100,
        "首次封板时间": "092503",
        "炸板次数": 0,
        "所属行业": "塑料",
        "晋级概率_pct": 30.37,
        "题材簇": "行业:塑料",
        "类似标的": "-"
      }
    ],
    "3": [
      {
        "代码": "002677",
        "名称": "浙江美大",
        "涨停原因": "控制权变更+跨境电商+集成灶龙头",
        "连板数": 3,
        "晋级概率": 0.4153611787292111,
        "封单占比": "361.8%",
        "大单封板": "强封",
        "弱转强": "否",
        "涨跌幅": "9.96%",
        "最新价": 7.95,
        "换手率": "0.69%",
        "封板资金": "1.09亿",
        "成交额": 30101880,
        "首次封板时间": "092500",
        "炸板次数": 0,
        "所属行业": "厨卫电器",
        "晋级概率_pct": 41.54,
        "题材簇": "行业:厨卫电器",
        "类似标的": "-"
      },
      {
        "代码": "000676",
        "名称": "智度股份",
        "涨停原因": "中报预增+华为鲸鸿+数字营销",
        "连板数": 3,
        "晋级概率": 0.3538261892878465,
        "封单占比": "35.1%",
        "大单封板": "强封",
        "弱转强": "是",
        "涨跌幅": "9.97%",
        "最新价": 6.84,
        "换手率": "9.78%",
        "封板资金": "2.90亿",
        "成交额": 826848864,
        "首次封板时间": "093103",
        "炸板次数": 1,
        "所属行业": "广告营销",
        "晋级概率_pct": 35.38,
        "题材簇": "行业:广告营销",
        "类似标的": "-"
      }
    ],
    "2": [
      {
        "代码": "002632",
        "名称": "道明光学",
        "涨停原因": "AI手机+石墨烯散热+反光材料龙头",
        "连板数": 2,
        "晋级概率": 0.3151478751044776,
        "封单占比": "108.8%",
        "大单封板": "强封",
        "弱转强": "否",
        "涨跌幅": "9.97%",
        "最新价": 10.59,
        "换手率": "5.08%",
        "封板资金": "3.29亿",
        "成交额": 302701680,
        "首次封板时间": "093009",
        "炸板次数": 0,
        "所属行业": "塑料",
        "晋级概率_pct": 31.51,
        "题材簇": "AI/算力/机器人",
        "类似标的": "似近月龙头: 天娱数科"
      },
      {
        "代码": "603567",
        "名称": "珍宝岛",
        "涨停原因": "-",
        "连板数": 2,
        "晋级概率": 0.3151478751044776,
        "封单占比": "68.1%",
        "大单封板": "强封",
        "弱转强": "否",
        "涨跌幅": "10.04%",
        "最新价": 6.03,
        "换手率": "3.58%",
        "封板资金": "1.34亿",
        "成交额": 197201534,
        "首次封板时间": "093646",
        "炸板次数": 0,
        "所属行业": "中药Ⅱ",
        "晋级概率_pct": 31.51,
        "题材簇": "行业:中药Ⅱ",
        "类似标的": "-"
      }
    ]
  }
}