{
  "trade_date": "20260522",
  "min_boards": 2,
  "hist_pairs": 20,
  "calibration": {
    "lookback_pairs": 29,
    "min_boards": 2,
    "laplace_alpha": 1.0,
    "shrink_to_overall": 0.15,
    "board_rates": {
      "2": 0.26257090991604265,
      "3": 0.3729885057471265,
      "4": 0.27478632478632475,
      "5": 0.31474358974358974,
      "6": 0.16217948717948716,
      "7": 0.16217948717948716
    },
    "overall_ge2_rate": 0.28205128205128205,
    "factor_multipliers": {
      "early_seal": 1.0506,
      "zero_zhaban": 1.0569,
      "heavy_seal": 1.08,
      "big_order_seal": 1.08,
      "weak_to_strong": 0.9635
    },
    "backtest_summary": {
      "source": "15d_empirical_recalibration",
      "trade_days": 30,
      "stock_samples": 156,
      "actual_promotion_rate": 0.28205128205128205,
      "brier_before": 0.19513640904203408,
      "brier_after": 0.19513640904203408,
      "pair_days": [
        "20260427",
        "20260428",
        "20260429",
        "20260430",
        "20260506",
        "20260507",
        "20260508",
        "20260511",
        "20260512",
        "20260513",
        "20260514",
        "20260515",
        "20260518",
        "20260519",
        "20260520",
        "20260521",
        "20260522",
        "20260525",
        "20260526",
        "20260527",
        "20260528",
        "20260529",
        "20260601",
        "20260602",
        "20260603",
        "20260604",
        "20260605",
        "20260608",
        "20260609",
        "20260610"
      ]
    }
  },
  "rates_by_board": {
    "1": {
      "n": 1,
      "total": 28,
      "promoted": 7,
      "rate": 0.25
    },
    "2": {
      "n": 2,
      "total": 4,
      "promoted": 4,
      "rate": 0.26257090991604265,
      "calibrated": true
    },
    "4": {
      "n": 4,
      "total": 1,
      "promoted": 0,
      "rate": 0.27478632478632475,
      "calibrated": true
    },
    "7": {
      "n": 7,
      "total": 1,
      "promoted": 0,
      "rate": 0.16217948717948716,
      "calibrated": true
    },
    "3": {
      "n": 3,
      "total": 0,
      "promoted": 0,
      "rate": 0.3729885057471265,
      "calibrated": true
    },
    "5": {
      "n": 5,
      "total": 0,
      "promoted": 0,
      "rate": 0.31474358974358974,
      "calibrated": true
    },
    "6": {
      "n": 6,
      "total": 0,
      "promoted": 0,
      "rate": 0.16217948717948716,
      "calibrated": true
    }
  },
  "stocks": [
    {
      "代码": "300069",
      "名称": "金利华电",
      "涨停原因": "收购中科西光+商业航天+特高压玻璃绝缘子",
      "连板数": 3,
      "晋级概率": 0.4472913487406897,
      "封单占比": "95.2%",
      "大单封板": "强封",
      "弱转强": "否",
      "涨跌幅": "20.00%",
      "最新价": 52.87,
      "换手率": "4.11%",
      "封板资金": "2.42亿",
      "成交额": 254166181,
      "首次封板时间": "092500",
      "炸板次数": 0,
      "所属行业": "电网设备",
      "晋级概率_pct": 44.73
    },
    {
      "代码": "600611",
      "名称": "大众交通",
      "涨停原因": "间接投资长江存储+智能网联+上海出租车",
      "连板数": 3,
      "晋级概率": 0.4472913487406897,
      "封单占比": "58.6%",
      "大单封板": "强封",
      "弱转强": "否",
      "涨跌幅": "10.05%",
      "最新价": 6.13,
      "换手率": "3.74%",
      "封板资金": "2.10亿",
      "成交额": 358375616,
      "首次封板时间": "092501",
      "炸板次数": 0,
      "所属行业": "铁路公路",
      "晋级概率_pct": 44.73
    },
    {
      "代码": "002442",
      "名称": "龙星科技",
      "涨停原因": "炭黑龙头+绿色降碳+董事长增持",
      "连板数": 3,
      "晋级概率": 0.4141586562413793,
      "封单占比": "6.7%",
      "大单封板": "否",
      "弱转强": "否",
      "涨跌幅": "10.04%",
      "最新价": 8.11,
      "换手率": "19.08%",
      "封板资金": "4815.69万",
      "成交额": 716560528,
      "首次封板时间": "094445",
      "炸板次数": 0,
      "所属行业": "橡胶",
      "晋级概率_pct": 41.42
    },
    {
      "代码": "000518",
      "名称": "四环生物",
      "涨停原因": "摘帽+生物医药+园林绿化",
      "连板数": 3,
      "晋级概率": 0.37755877120689657,
      "封单占比": "8.8%",
      "大单封板": "否",
      "弱转强": "是",
      "涨跌幅": "10.13%",
      "最新价": 4.13,
      "换手率": "16.64%",
      "封板资金": "6178.51万",
      "成交额": 705070640,
      "首次封板时间": "093003",
      "炸板次数": 1,
      "所属行业": "生物制品",
      "晋级概率_pct": 37.76
    },
    {
      "代码": "603661",
      "名称": "恒林股份",
      "涨停原因": "投资GPU公司+家居用品+出口+越南产能",
      "连板数": 2,
      "晋级概率": 0.3148775220329203,
      "封单占比": "117.3%",
      "大单封板": "强封",
      "弱转强": "否",
      "涨跌幅": "10.01%",
      "最新价": 32.53,
      "换手率": "1.29%",
      "封板资金": "6857.45万",
      "成交额": 58458362,
      "首次封板时间": "092503",
      "炸板次数": 0,
      "所属行业": "家居用品",
      "晋级概率_pct": 31.49
    },
    {
      "代码": "600303",
      "名称": "曙光股份",
      "涨停原因": "商用载客车+氢能源",
      "连板数": 2,
      "晋级概率": 0.3148775220329203,
      "封单占比": "63.6%",
      "大单封板": "强封",
      "弱转强": "否",
      "涨跌幅": "10.06%",
      "最新价": 3.83,
      "换手率": "4.90%",
      "封板资金": "7942.88万",
      "成交额": 124973447,
      "首次封板时间": "093033",
      "炸板次数": 0,
      "所属行业": "商用车",
      "晋级概率_pct": 31.49
    },
    {
      "代码": "001225",
      "名称": "和泰机电",
      "涨停原因": "机器人应用+输送设备+水泥+一带一路",
      "连板数": 2,
      "晋级概率": 0.2870512749349217,
      "封单占比": "17.9%",
      "大单封板": "是",
      "弱转强": "是",
      "涨跌幅": "10.01%",
      "最新价": 59.14,
      "换手率": "19.50%",
      "封板资金": "4247.43万",
      "成交额": 236905371,
      "首次封板时间": "093306",
      "炸板次数": 1,
      "所属行业": "专用设备",
      "晋级概率_pct": 28.71
    },
    {
      "代码": "000012",
      "名称": "南  玻Ａ",
      "涨停原因": "UTG柔性玻璃+光伏玻璃+消费电子",
      "连板数": 2,
      "晋级概率": 0.2775111946902655,
      "封单占比": "8.9%",
      "大单封板": "否",
      "弱转强": "否",
      "涨跌幅": "10.00%",
      "最新价": 4.4,
      "换手率": "6.42%",
      "封板资金": "4635.33万",
      "成交额": 518235472,
      "首次封板时间": "132315",
      "炸板次数": 0,
      "所属行业": "玻璃玻纤",
      "晋级概率_pct": 27.75
    },
    {
      "代码": "002931",
      "名称": "锋龙股份",
      "涨停原因": "优必选入主+机器人概念+园林机械+汽车零部件",
      "连板数": 2,
      "晋级概率": 0.2657882175323349,
      "封单占比": "1.6%",
      "大单封板": "否",
      "弱转强": "是",
      "涨跌幅": "9.99%",
      "最新价": 66.04,
      "换手率": "14.97%",
      "封板资金": "3024.63万",
      "成交额": 1897729168,
      "首次封板时间": "100351",
      "炸板次数": 9,
      "所属行业": "通用设备",
      "晋级概率_pct": 26.58
    },
    {
      "代码": "000725",
      "名称": "京东方Ａ",
      "涨停原因": "康宁合作+玻璃基板+AMOLED+北京国资",
      "连板数": 2,
      "晋级概率": 0.2529870717041071,
      "封单占比": "0.7%",
      "大单封板": "否",
      "弱转强": "是",
      "涨跌幅": "10.02%",
      "最新价": 5.16,
      "换手率": "16.54%",
      "封板资金": "1.96亿",
      "成交额": 29162865664,
      "首次封板时间": "134918",
      "炸板次数": 5,
      "所属行业": "光学光电",
      "晋级概率_pct": 25.3
    },
    {
      "代码": "002036",
      "名称": "联创电子",
      "涨停原因": "特斯拉监督版FSD入华+无人驾驶+车载光学+光学器件",
      "连板数": 2,
      "晋级概率": 0.2529870717041071,
      "封单占比": "3.5%",
      "大单封板": "否",
      "弱转强": "是",
      "涨跌幅": "10.04%",
      "最新价": 10.3,
      "换手率": "19.50%",
      "封板资金": "7211.24万",
      "成交额": 2043053104,
      "首次封板时间": "135215",
      "炸板次数": 3,
      "所属行业": "光学光电",
      "晋级概率_pct": 25.3
    }
  ],
  "by_boards": {
    "3": [
      {
        "代码": "300069",
        "名称": "金利华电",
        "涨停原因": "收购中科西光+商业航天+特高压玻璃绝缘子",
        "连板数": 3,
        "晋级概率": 0.4472913487406897,
        "封单占比": "95.2%",
        "大单封板": "强封",
        "弱转强": "否",
        "涨跌幅": "20.00%",
        "最新价": 52.87,
        "换手率": "4.11%",
        "封板资金": "2.42亿",
        "成交额": 254166181,
        "首次封板时间": "092500",
        "炸板次数": 0,
        "所属行业": "电网设备",
        "晋级概率_pct": 44.73
      },
      {
        "代码": "600611",
        "名称": "大众交通",
        "涨停原因": "间接投资长江存储+智能网联+上海出租车",
        "连板数": 3,
        "晋级概率": 0.4472913487406897,
        "封单占比": "58.6%",
        "大单封板": "强封",
        "弱转强": "否",
        "涨跌幅": "10.05%",
        "最新价": 6.13,
        "换手率": "3.74%",
        "封板资金": "2.10亿",
        "成交额": 358375616,
        "首次封板时间": "092501",
        "炸板次数": 0,
        "所属行业": "铁路公路",
        "晋级概率_pct": 44.73
      },
      {
        "代码": "002442",
        "名称": "龙星科技",
        "涨停原因": "炭黑龙头+绿色降碳+董事长增持",
        "连板数": 3,
        "晋级概率": 0.4141586562413793,
        "封单占比": "6.7%",
        "大单封板": "否",