{
  "trade_date": "20260721",
  "min_boards": 2,
  "hist_pairs": 20,
  "calibration": {
    "lookback_pairs": 38,
    "min_boards": 2,
    "laplace_alpha": 1.0,
    "shrink_to_overall": 0.15,
    "board_rates": {
      "2": 0.2669583118888317,
      "3": 0.3518479033404406,
      "4": 0.2572330654420207,
      "5": 0.3152985074626865,
      "6": 0.1630597014925373
    },
    "overall_ge2_rate": 0.2835820895522388,
    "factor_multipliers": {
      "early_seal": 1.0121,
      "zero_zhaban": 1.08,
      "heavy_seal": 1.08,
      "big_order_seal": 0.9866,
      "weak_to_strong": 0.92
    },
    "backtest_summary": {
      "source": "15d_empirical_recalibration",
      "trade_days": 39,
      "stock_samples": 201,
      "actual_promotion_rate": 0.2835820895522388,
      "brier_before": 0.1963420939422876,
      "brier_after": 0.19472540728577367,
      "pair_days": [
        "20260427",
        "20260428",
        "20260429",
        "20260430",
        "20260506",
        "20260507",
        "20260508",
        "20260511",
        "20260512",
        "20260513",
        "20260514",
        "20260515",
        "20260518",
        "20260519",
        "20260520",
        "20260521",
        "20260522",
        "20260525",
        "20260526",
        "20260527",
        "20260528",
        "20260529",
        "20260601",
        "20260602",
        "20260603",
        "20260604",
        "20260605",
        "20260608",
        "20260609",
        "20260610",
        "20260611",
        "20260612",
        "20260615",
        "20260616",
        "20260617",
        "20260618",
        "20260622",
        "20260623",
        "20260624"
      ]
    }
  },
  "rates_by_board": {
    "1": {
      "n": 1,
      "total": 540,
      "promoted": 51,
      "rate": 0.09444444444444444
    },
    "2": {
      "n": 2,
      "total": 68,
      "promoted": 9,
      "rate": 0.2669583118888317,
      "calibrated": true
    },
    "3": {
      "n": 3,
      "total": 12,
      "promoted": 3,
      "rate": 0.3518479033404406,
      "calibrated": true
    },
    "4": {
      "n": 4,
      "total": 3,
      "promoted": 1,
      "rate": 0.2572330654420207,
      "calibrated": true
    },
    "5": {
      "n": 5,
      "total": 2,
      "promoted": 0,
      "rate": 0.3152985074626865,
      "calibrated": true
    },
    "6": {
      "n": 6,
      "total": 1,
      "promoted": 1,
      "rate": 0.1630597014925373,
      "calibrated": true
    },
    "7": {
      "n": 7,
      "total": 1,
      "promoted": 1,
      "rate": 1.0
    },
    "8": {
      "n": 8,
      "total": 1,
      "promoted": 0,
      "rate": 0.0
    }
  },
  "stocks": [
    {
      "代码": "001258",
      "名称": "立新能源",
      "涨停原因": "风电光伏+定增获批+半年报预增+新疆国资",
      "连板数": 4,
      "晋级概率": 0.23951793869115962,
      "封单占比": "3.3%",
      "大单封板": "否",
      "弱转强": "是",
      "涨跌幅": "10.00%",
      "最新价": 10.01,
      "换手率": "17.03%",
      "封板资金": "5205.48万",
      "成交额": 1579363424,
      "首次封板时间": "092500",
      "炸板次数": 17,
      "所属行业": "电力",
      "晋级概率_pct": 23.95,
      "题材簇": "煤炭/电力",
      "类似标的": "同线: 华银电力 | 似近月龙头: 大有能源"
    },
    {
      "代码": "600744",
      "名称": "华银电力",
      "涨停原因": "火电+新能源+定增获批+央企",
      "连板数": 3,
      "晋级概率": 0.32370007107320536,
      "封单占比": "0.4%",
      "大单封板": "否",
      "弱转强": "是",
      "涨跌幅": "10.06%",
      "最新价": 7.22,
      "换手率": "18.21%",
      "封板资金": "916.00万",
      "成交额": 2551519248,
      "首次封板时间": "132251",
      "炸板次数": 7,
      "所属行业": "电力",
      "晋级概率_pct": 32.37,
      "题材簇": "煤炭/电力",
      "类似标的": "同线: 立新能源 | 似近月龙头: 大有能源"
    },
    {
      "代码": "000815",
      "名称": "美利云",
      "涨停原因": "算力租赁+东数西算+中国诚通旗下",
      "连板数": 2,
      "晋级概率": 0.3151478751044776,
      "封单占比": "48.5%",
      "大单封板": "强封",
      "弱转强": "否",
      "涨跌幅": "9.98%",
      "最新价": 14.66,
      "换手率": "4.36%",
      "封板资金": "2.15亿",
      "成交额": 444402912,
      "首次封板时间": "093000",
      "炸板次数": 0,
      "所属行业": "IT服务Ⅱ",
      "晋级概率_pct": 31.51,
      "题材簇": "AI/算力/机器人",
      "类似标的": "同线: 中嘉博创 | 似近月龙头: 天娱数科"
    },
    {
      "代码": "002036",
      "名称": "联创电子",
      "涨停原因": "CPO光学器件+车载光学+机器视觉+江西国资拟入主",
      "连板数": 2,
      "晋级概率": 0.3151478751044776,
      "封单占比": "20.3%",
      "大单封板": "强封",
      "弱转强": "否",
      "涨跌幅": "10.08%",
      "最新价": 7.21,
      "换手率": "4.12%",
      "封板资金": "6154.46万",
      "成交额": 303292432,
      "首次封板时间": "093633",
      "炸板次数": 0,
      "所属行业": "光学光电",
      "晋级概率_pct": 31.51,
      "题材簇": "光纤/四氯化硅",
      "类似标的": "似近月龙头: 三孚股份、宏柏新材"
    },
    {
      "代码": "000889",
      "名称": "中嘉博创",
      "涨停原因": "算力销售+通信网络维护+追索款项确认+中报预计扭亏",
      "连板数": 2,
      "晋级概率": 0.2684593010149254,
      "封单占比": "20.9%",
      "大单封板": "强封",
      "弱转强": "是",
      "涨跌幅": "10.14%",
      "最新价": 3.8,
      "换手率": "8.03%",
      "封板资金": "5387.15万",
      "成交额": 257976103,
      "首次封板时间": "093442",
      "炸板次数": 1,
      "所属行业": "通信服务",
      "晋级概率_pct": 26.85,
      "题材簇": "AI/算力/机器人",
      "类似标的": "同线: 美利云 | 似近月龙头: 天娱数科"
    }
  ],
  "by_boards": {
    "4": [
      {
        "代码": "001258",
        "名称": "立新能源",
        "涨停原因": "风电光伏+定增获批+半年报预增+新疆国资",
        "连板数": 4,
        "晋级概率": 0.23951793869115962,
        "封单占比": "3.3%",
        "大单封板": "否",
        "弱转强": "是",
        "涨跌幅": "10.00%",
        "最新价": 10.01,
        "换手率": "17.03%",
        "封板资金": "5205.48万",
        "成交额": 1579363424,
        "首次封板时间": "092500",
        "炸板次数": 17,
        "所属行业": "电力",
        "晋级概率_pct": 23.95,
        "题材簇": "煤炭/电力",
        "类似标的": "同线: 华银电力 | 似近月龙头: 大有能源"
      }
    ],
    "3": [
      {
        "代码": "600744",
        "名称": "华银电力",
        "涨停原因": "火电+新能源+定增获批+央企",
        "连板数": 3,
        "晋级概率": 0.32370007107320536,
        "封单占比": "0.4%",
        "大单封板": "否",
        "弱转强": "是",
        "涨跌幅": "10.06%",
        "最新价": 7.22,
        "换手率": "18.21%",
        "封板资金": "916.00万",
        "成交额": 2551519248,
        "首次封板时间": "132251",
        "炸板次数": 7,
        "所属行业": "电力",
        "晋级概率_pct": 32.37,
        "题材簇": "煤炭/电力",
        "类似标的": "同线: 立新能源 | 似近月龙头: 大有能源"
      }
    ],
    "2": [
      {
        "代码": "000815",
        "名称": "美利云",
        "涨停原因": "算力租赁+东数西算+中国诚通旗下",
        "连板数": 2,
        "晋级概率": 0.3151478751044776,
        "封单占比": "48.5%",
        "大单封板": "强封",
        "弱转强": "否",
        "涨跌幅": "9.98%",
        "最新价": 14.66,
        "换手率": "4.36%",
        "封板资金": "2.15亿",
        "成交额": 444402912,
        "首次封板时间": "093000",
        "炸板次数": 0,
        "所属行业": "IT服务Ⅱ",
        "晋级概率_pct": 31.51,
        "题材簇": "AI/算力/机器人",
        "类似标的": "同线: 中嘉博创 | 似近月龙头: 天娱数科"
      },
      {
        "代码": "002036",
        "名称": "联创电子",
        "涨停原因": "CPO光学器件+车载光学+机器视觉+江西国资拟入主",
        "连板数": 2,
        "晋级概率": 0.3151478751044776,
        "封单占比": "20.3%",
        "大单封板": "强封",
        "弱转强": "否",
        "涨跌幅": "10.08%",
        "最新价": 7.21,
        "换手率": "4.12%",
        "封板资金": "6154.46万",
        "成交额": 303292432,
        "首次封板时间": "093633",
        "炸板次数": 0,
        "所属行业": "光学光电",
        "晋级概率_pct": 31.51,
        "题材簇": "光纤/四氯化硅",
        "类似标的": "似近月龙头: 三孚股份、宏柏新材"
      },
      {
        "代码": "000889",
        "名称": "中嘉博创",
        "涨停原因": "算力销售+通信网络维护+追索款项确认+中报预计扭亏",
        "连板数": 2,
        "晋级概率": 0.2684593010149254,
        "封单占比": "20.9%",
        "大单封板": "强封",
        "弱转强": "是",
        "涨跌幅": "10.14%",
        "最新价": 3.8,
        "换手率": "8.03%",
        "封板资金": "5387.15万",
        "成交额": 257976103,
        "首次封板时间": "093442",
        "炸板次数": 1,
        "所属行业": "通信服务",
        "晋级概率_pct": 26.85,
        "题材簇": "AI/算力/机器人",
        "类似标的": "同线: 美利云 | 似近月龙头: 天娱数科"
      }
    ]
  }
}