{
  "trade_date": "20260601",
  "min_boards": 2,
  "hist_pairs": 20,
  "calibration": {
    "lookback_pairs": 29,
    "min_boards": 2,
    "laplace_alpha": 1.0,
    "shrink_to_overall": 0.15,
    "board_rates": {
      "2": 0.26257090991604265,
      "3": 0.3729885057471265,
      "4": 0.27478632478632475,
      "5": 0.31474358974358974,
      "6": 0.16217948717948716,
      "7": 0.16217948717948716
    },
    "overall_ge2_rate": 0.28205128205128205,
    "factor_multipliers": {
      "early_seal": 1.0506,
      "zero_zhaban": 1.0569,
      "heavy_seal": 1.08,
      "big_order_seal": 1.08,
      "weak_to_strong": 0.9635
    },
    "backtest_summary": {
      "source": "15d_empirical_recalibration",
      "trade_days": 30,
      "stock_samples": 156,
      "actual_promotion_rate": 0.28205128205128205,
      "brier_before": 0.19513640904203408,
      "brier_after": 0.19513640904203408,
      "pair_days": [
        "20260427",
        "20260428",
        "20260429",
        "20260430",
        "20260506",
        "20260507",
        "20260508",
        "20260511",
        "20260512",
        "20260513",
        "20260514",
        "20260515",
        "20260518",
        "20260519",
        "20260520",
        "20260521",
        "20260522",
        "20260525",
        "20260526",
        "20260527",
        "20260528",
        "20260529",
        "20260601",
        "20260602",
        "20260603",
        "20260604",
        "20260605",
        "20260608",
        "20260609",
        "20260610"
      ]
    }
  },
  "rates_by_board": {
    "1": {
      "n": 1,
      "total": 418,
      "promoted": 59,
      "rate": 0.14114832535885166
    },
    "2": {
      "n": 2,
      "total": 55,
      "promoted": 16,
      "rate": 0.26257090991604265,
      "calibrated": true
    },
    "3": {
      "n": 3,
      "total": 15,
      "promoted": 6,
      "rate": 0.3729885057471265,
      "calibrated": true
    },
    "4": {
      "n": 4,
      "total": 5,
      "promoted": 2,
      "rate": 0.27478632478632475,
      "calibrated": true
    },
    "5": {
      "n": 5,
      "total": 2,
      "promoted": 0,
      "rate": 0.31474358974358974,
      "calibrated": true
    },
    "7": {
      "n": 7,
      "total": 1,
      "promoted": 0,
      "rate": 0.16217948717948716,
      "calibrated": true
    },
    "6": {
      "n": 6,
      "total": 0,
      "promoted": 0,
      "rate": 0.16217948717948716,
      "calibrated": true
    }
  },
  "stocks": [
    {
      "代码": "603011",
      "名称": "合锻智能",
      "涨停原因": "光模块结构件+CCL/PCB层压设备+高端成形机床",
      "连板数": 4,
      "晋级概率": 0.3004055738307692,
      "封单占比": "25.0%",
      "大单封板": "强封",
      "弱转强": "是",
      "涨跌幅": "9.99%",
      "最新价": 27.41,
      "换手率": "6.99%",
      "封板资金": "2.34亿",
      "成交额": 936701216,
      "首次封板时间": "093109",
      "炸板次数": 1,
      "所属行业": "专用设备",
      "晋级概率_pct": 30.04
    },
    {
      "代码": "000539",
      "名称": "粤电力Ａ",
      "涨停原因": "电力+业绩减亏+广东国资",
      "连板数": 4,
      "晋级概率": 0.27815330910256403,
      "封单占比": "0.5%",
      "大单封板": "否",
      "弱转强": "是",
      "涨跌幅": "10.02%",
      "最新价": 9.77,
      "换手率": "18.65%",
      "封板资金": "2149.02万",
      "成交额": 4494654464,
      "首次封板时间": "092500",
      "炸板次数": 107,
      "所属行业": "电力",
      "晋级概率_pct": 27.82
    },
    {
      "代码": "002995",
      "名称": "天地在线",
      "涨停原因": "AI营销+字节概念+持股中书艺莲+VR文旅",
      "连板数": 3,
      "晋级概率": 0.4141586562413793,
      "封单占比": "10.9%",
      "大单封板": "否",
      "弱转强": "否",
      "涨跌幅": "9.99%",
      "最新价": 25.11,
      "换手率": "26.41%",
      "封板资金": "7719.07万",
      "成交额": 708236080,
      "首次封板时间": "101109",
      "炸板次数": 0,
      "所属行业": "广告营销",
      "晋级概率_pct": 41.42
    },
    {
      "代码": "603890",
      "名称": "春秋电子",
      "涨停原因": "AIPC镁合金+戴尔产业链+人形机器人",
      "连板数": 2,
      "晋级概率": 0.3148775220329203,
      "封单占比": "444.7%",
      "大单封板": "强封",
      "弱转强": "否",
      "涨跌幅": "10.00%",
      "最新价": 27.29,
      "换手率": "0.97%",
      "封板资金": "5.25亿",
      "成交额": 118059651,
      "首次封板时间": "092502",
      "炸板次数": 0,
      "所属行业": "消费电子",
      "晋级概率_pct": 31.49
    },
    {
      "代码": "301439",
      "名称": "泓淋电力",
      "涨停原因": "戴尔合作+电源线组件+高速铜缆+外销",
      "连板数": 2,
      "晋级概率": 0.29155326114159286,
      "封单占比": "7.0%",
      "大单封板": "否",
      "弱转强": "否",
      "涨跌幅": "19.98%",
      "最新价": 23.48,
      "换手率": "30.13%",
      "封板资金": "8726.60万",
      "成交额": 1243789808,
      "首次封板时间": "100312",
      "炸板次数": 0,
      "所属行业": "电网设备",
      "晋级概率_pct": 29.16
    },
    {
      "代码": "600280",
      "名称": "中央商场",
      "涨停原因": "百货零售+罗森便利店+中华老字号",
      "连板数": 2,
      "晋级概率": 0.2870512749349217,
      "封单占比": "12.1%",
      "大单封板": "是",
      "弱转强": "是",
      "涨跌幅": "10.00%",
      "最新价": 3.52,
      "换手率": "7.50%",
      "封板资金": "3549.81万",
      "成交额": 293206272,
      "首次封板时间": "093208",
      "炸板次数": 2,
      "所属行业": "一般零售",
      "晋级概率_pct": 28.71
    },
    {
      "代码": "600011",
      "名称": "华能国际",
      "涨停原因": "火电+绿电+算电协同+央企",
      "连板数": 2,
      "晋级概率": 0.2775111946902655,
      "封单占比": "1.8%",
      "大单封板": "否",
      "弱转强": "否",
      "涨跌幅": "10.03%",
      "最新价": 9.76,
      "换手率": "6.48%",
      "封板资金": "1.22亿",
      "成交额": 6614876160,
      "首次封板时间": "145615",
      "炸板次数": 0,
      "所属行业": "电力",
      "晋级概率_pct": 27.75
    },
    {
      "代码": "002608",
      "名称": "江苏国信",
      "涨停原因": "火电+容量电价+股东增持+国企",
      "连板数": 2,
      "晋级概率": 0.2657882175323349,
      "封单占比": "7.9%",
      "大单封板": "否",
      "弱转强": "是",
      "涨跌幅": "10.00%",
      "最新价": 10.12,
      "换手率": "3.89%",
      "封板资金": "1.15亿",
      "成交额": 1453668208,
      "首次封板时间": "093009",
      "炸板次数": 1,
      "所属行业": "电力",
      "晋级概率_pct": 26.58
    },
    {
      "代码": "000767",
      "名称": "晋控电力",
      "涨停原因": "火电灵活性改造+山西最大电企+山西国资",
      "连板数": 2,
      "晋级概率": 0.2657882175323349,
      "封单占比": "2.5%",
      "大单封板": "否",
      "弱转强": "是",
      "涨跌幅": "10.04%",
      "最新价": 6.14,
      "换手率": "23.59%",
      "封板资金": "1.02亿",
      "成交额": 4103194992,
      "首次封板时间": "093103",
      "炸板次数": 20,
      "所属行业": "电力",
      "晋级概率_pct": 26.58
    },
    {
      "代码": "002081",
      "名称": "金 螳 螂",
      "涨停原因": "中标2.94亿+洁净室+城市更新+建筑装饰",
      "连板数": 2,
      "晋级概率": 0.2657882175323349,
      "封单占比": "3.1%",
      "大单封板": "否",
      "弱转强": "是",
      "涨跌幅": "10.06%",
      "最新价": 6.78,
      "换手率": "23.96%",
      "封板资金": "1.28亿",
      "成交额": 4135981856,
      "首次封板时间": "094548",
      "炸板次数": 1,
      "所属行业": "装修装饰",
      "晋级概率_pct": 26.58
    },
    {
      "代码": "000037",
      "名称": "深南电A",
      "涨停原因": "电力+综合能源+储能+一季报扭亏",
      "连板数": 2,
      "晋级概率": 0.2657882175323349,
      "封单占比": "0.8%",
      "大单封板": "否",
      "弱转强": "是",
      "涨跌幅": "10.00%",
      "最新价": 12.65,
      "换手率": "30.47%",
      "封板资金": "1007.27万",
      "成交额": 1268046512,
      "首次封板时间": "095212",
      "炸板次数": 16,
      "所属行业": "电力",
      "晋级概率_pct": 26.58
    }
  ],
  "by_boards": {
    "4": [
      {
        "代码": "603011",
        "名称": "合锻智能",
        "涨停原因": "光模块结构件+CCL/PCB层压设备+高端成形机床",
        "连板数": 4,
        "晋级概率": 0.3004055738307692,
        "封单占比": "25.0%",
        "大单封板": "强封",
        "弱转强": "是",
        "涨跌幅": "9.99%",
        "最新价": 27.41,
        "换手率": "6.99%",
        "封板资金": "2.34亿",
        "成交额": 936701216,
        "首次封板时间": "093109",
        "炸板次数": 1,
        "所属行业": "专用设备",
        "晋级概率_pct": 30.04
      },
      {
        "代码": "000539",
        "名称": "粤电力Ａ",
        "涨停原因": "电力+业绩减亏+广东国资",
        "连板数": 4,
        "晋级概率": 0.27815330910256403,
        "封单占比": "0.5%",
        "大单封板": "否",
        "弱转强": "是",
        "涨跌幅": "10.02%",
        "最新价": 9.77,
        "换手率": "18.65%",
        "封板资金": "2149.02万",
        "成交额": 4494654464,
        "首次封板时间": "092500",
        "炸板次数": 107,
        "所属行业": "电力",
        "晋级概率_pct": 27.82
      }
    ],
    "3": [
      {
        "代码": "002995",
        "名称": "天地在线",
        "涨停原因": "AI营销+字节概念+持股中书艺莲+VR文旅",
        "连板数": 3,
        "晋级概率": 0.4141586562413793,