{
  "trade_date": "20260626",
  "min_boards": 2,
  "hist_pairs": 20,
  "calibration": {
    "lookback_pairs": 38,
    "min_boards": 2,
    "laplace_alpha": 1.0,
    "shrink_to_overall": 0.15,
    "board_rates": {
      "2": 0.2669583118888317,
      "3": 0.3518479033404406,
      "4": 0.2572330654420207,
      "5": 0.3152985074626865,
      "6": 0.1630597014925373
    },
    "overall_ge2_rate": 0.2835820895522388,
    "factor_multipliers": {
      "early_seal": 1.0121,
      "zero_zhaban": 1.08,
      "heavy_seal": 1.08,
      "big_order_seal": 0.9866,
      "weak_to_strong": 0.92
    },
    "backtest_summary": {
      "source": "15d_empirical_recalibration",
      "trade_days": 39,
      "stock_samples": 201,
      "actual_promotion_rate": 0.2835820895522388,
      "brier_before": 0.1963420939422876,
      "brier_after": 0.19472540728577367,
      "pair_days": [
        "20260427",
        "20260428",
        "20260429",
        "20260430",
        "20260506",
        "20260507",
        "20260508",
        "20260511",
        "20260512",
        "20260513",
        "20260514",
        "20260515",
        "20260518",
        "20260519",
        "20260520",
        "20260521",
        "20260522",
        "20260525",
        "20260526",
        "20260527",
        "20260528",
        "20260529",
        "20260601",
        "20260602",
        "20260603",
        "20260604",
        "20260605",
        "20260608",
        "20260609",
        "20260610",
        "20260611",
        "20260612",
        "20260615",
        "20260616",
        "20260617",
        "20260618",
        "20260622",
        "20260623",
        "20260624"
      ]
    }
  },
  "rates_by_board": {
    "1": {
      "n": 1,
      "total": 156,
      "promoted": 17,
      "rate": 0.10897435897435898
    },
    "2": {
      "n": 2,
      "total": 20,
      "promoted": 3,
      "rate": 0.2669583118888317,
      "calibrated": true
    },
    "3": {
      "n": 3,
      "total": 3,
      "promoted": 1,
      "rate": 0.3518479033404406,
      "calibrated": true
    },
    "4": {
      "n": 4,
      "total": 3,
      "promoted": 1,
      "rate": 0.2572330654420207,
      "calibrated": true
    },
    "5": {
      "n": 5,
      "total": 1,
      "promoted": 1,
      "rate": 0.3152985074626865,
      "calibrated": true
    },
    "6": {
      "n": 6,
      "total": 0,
      "promoted": 0,
      "rate": 0.1630597014925373,
      "calibrated": true
    }
  },
  "stocks": [
    {
      "代码": "002674",
      "名称": "兴业科技",
      "涨停原因": "磷化铟收购+机器人电子皮肤+汽车内饰皮革",
      "连板数": 6,
      "晋级概率": 0.19249416913432835,
      "封单占比": "292.1%",
      "大单封板": "强封",
      "弱转强": "否",
      "涨跌幅": "10.00%",
      "最新价": 28.83,
      "换手率": "2.57%",
      "封板资金": "6.34亿",
      "成交额": 217109187,
      "首次封板时间": "092500",
      "炸板次数": 0,
      "所属行业": "纺织制造",
      "晋级概率_pct": 19.25,
      "题材簇": "磷化铟/半导体材料",
      "类似标的": "同线: 超声电子、国投中鲁、贤丰控股 | 似近月龙头: 旭光电子"
    },
    {
      "代码": "605366",
      "名称": "宏柏新材",
      "涨停原因": "光纤概念+高纯四氯化硅+含硫硅烷+券商推荐",
      "连板数": 4,
      "晋级概率": 0.23951793869115962,
      "封单占比": "0.4%",
      "大单封板": "否",
      "弱转强": "是",
      "涨跌幅": "10.02%",
      "最新价": 14.38,
      "换手率": "19.59%",
      "封板资金": "903.58万",
      "成交额": 2154987184,
      "首次封板时间": "093124",
      "炸板次数": 31,
      "所属行业": "化学制品",
      "晋级概率_pct": 23.95,
      "题材簇": "光纤/四氯化硅",
      "类似标的": "似近月龙头: 三孚股份、西陇科学"
    },
    {
      "代码": "600228",
      "名称": "返利科技",
      "涨停原因": "控制权变更+复牌+摘帽+在线导购",
      "连板数": 3,
      "晋级概率": 0.4153611787292111,
      "封单占比": "2701.8%",
      "大单封板": "强封",
      "弱转强": "否",
      "涨跌幅": "9.99%",
      "最新价": 10.79,
      "换手率": "0.14%",
      "封板资金": "1.73亿",
      "成交额": 6413954,
      "首次封板时间": "092503",
      "炸板次数": 0,
      "所属行业": "数字媒体",
      "晋级概率_pct": 41.54,
      "题材簇": "行业:数字媒体",
      "类似标的": "-"
    },
    {
      "代码": "000823",
      "名称": "超声电子",
      "涨停原因": "转债摘牌+PCB+覆铜板+算力硬件",
      "连板数": 3,
      "晋级概率": 0.3276168419331911,
      "封单占比": "4.3%",
      "大单封板": "否",
      "弱转强": "是",
      "涨跌幅": "10.01%",
      "最新价": 28.46,
      "换手率": "17.86%",
      "封板资金": "1.31亿",
      "成交额": 3018024528,
      "首次封板时间": "092500",
      "炸板次数": 11,
      "所属行业": "元件",
      "晋级概率_pct": 32.76,
      "题材簇": "磷化铟/半导体材料",
      "类似标的": "同线: 兴业科技、国投中鲁、贤丰控股 | 似近月龙头: 旭光电子"
    },
    {
      "代码": "603956",
      "名称": "威派格",
      "涨停原因": "液冷泵+六张网建设+智慧水务",
      "连板数": 2,
      "晋级概率": 0.3151478751044776,
      "封单占比": "103.5%",
      "大单封板": "强封",
      "弱转强": "否",
      "涨跌幅": "10.00%",
      "最新价": 5.83,
      "换手率": "1.42%",
      "封板资金": "4879.94万",
      "成交额": 47139689,
      "首次封板时间": "092503",
      "炸板次数": 0,
      "所属行业": "专用设备",
      "晋级概率_pct": 31.51,
      "题材簇": "AI/算力/机器人",
      "类似标的": "同线: 祥鑫科技 | 似近月龙头: 天娱数科"
    },
    {
      "代码": "600962",
      "名称": "国投中鲁",
      "涨停原因": "半导体工程+并购重组+浓缩果汁+央企",
      "连板数": 2,
      "晋级概率": 0.3151478751044776,
      "封单占比": "22.2%",
      "大单封板": "强封",
      "弱转强": "否",
      "涨跌幅": "10.02%",
      "最新价": 29.0,
      "换手率": "3.77%",
      "封板资金": "6244.69万",
      "成交额": 280781088,
      "首次封板时间": "093834",
      "炸板次数": 0,
      "所属行业": "农产品加",
      "晋级概率_pct": 31.51,
      "题材簇": "磷化铟/半导体材料",
      "类似标的": "同线: 兴业科技、超声电子、贤丰控股 | 似近月龙头: 旭光电子"
    },
    {
      "代码": "002965",
      "名称": "祥鑫科技",
      "涨停原因": "收购酷尔芯+液冷服务器+人形机器人",
      "连板数": 2,
      "晋级概率": 0.24857342686567163,
      "封单占比": "2.8%",
      "大单封板": "否",
      "弱转强": "是",
      "涨跌幅": "10.01%",
      "最新价": 51.88,
      "换手率": "12.12%",
      "封板资金": "3267.42万",
      "成交额": 1181189360,
      "首次封板时间": "093133",
      "炸板次数": 4,
      "所属行业": "汽车零部",
      "晋级概率_pct": 24.86,
      "题材簇": "AI/算力/机器人",
      "类似标的": "同线: 威派格 | 似近月龙头: 天娱数科"
    },
    {
      "代码": "002141",
      "名称": "贤丰控股",
      "涨停原因": "PCB上游+覆铜板+盐湖提锂参股",
      "连板数": 2,
      "晋级概率": 0.24857342686567163,
      "封单占比": "1.0%",
      "大单封板": "否",
      "弱转强": "是",
      "涨跌幅": "9.92%",
      "最新价": 5.76,
      "换手率": "24.42%",
      "封板资金": "1493.57万",
      "成交额": 1430374048,
      "首次封板时间": "093312",
      "炸板次数": 8,
      "所属行业": "元件",
      "晋级概率_pct": 24.86,
      "题材簇": "磷化铟/半导体材料",
      "类似标的": "同线: 兴业科技、超声电子、国投中鲁 | 似近月龙头: 旭光电子"
    }
  ],
  "by_boards": {
    "6": [
      {
        "代码": "002674",
        "名称": "兴业科技",
        "涨停原因": "磷化铟收购+机器人电子皮肤+汽车内饰皮革",
        "连板数": 6,
        "晋级概率": 0.19249416913432835,
        "封单占比": "292.1%",
        "大单封板": "强封",
        "弱转强": "否",
        "涨跌幅": "10.00%",
        "最新价": 28.83,
        "换手率": "2.57%",
        "封板资金": "6.34亿",
        "成交额": 217109187,
        "首次封板时间": "092500",
        "炸板次数": 0,
        "所属行业": "纺织制造",
        "晋级概率_pct": 19.25,
        "题材簇": "磷化铟/半导体材料",
        "类似标的": "同线: 超声电子、国投中鲁、贤丰控股 | 似近月龙头: 旭光电子"
      }
    ],
    "4": [
      {
        "代码": "605366",
        "名称": "宏柏新材",
        "涨停原因": "光纤概念+高纯四氯化硅+含硫硅烷+券商推荐",
        "连板数": 4,
        "晋级概率": 0.23951793869115962,
        "封单占比": "0.4%",
        "大单封板": "否",
        "弱转强": "是",
        "涨跌幅": "10.02%",
        "最新价": 14.38,
        "换手率": "19.59%",
        "封板资金": "903.58万",
        "成交额": 2154987184,
        "首次封板时间": "093124",
        "炸板次数": 31,
        "所属行业": "化学制品",
        "晋级概率_pct": 23.95,
        "题材簇": "光纤/四氯化硅",
        "类似标的": "似近月龙头: 三孚股份、西陇科学"
      }
    ],
    "3": [
      {
        "代码": "600228",
        "名称": "返利科技",
        "涨停原因": "控制权变更+复牌+摘帽+在线导购",
        "连板数": 3,
        "晋级概率": 0.4153611787292111,
        "封单占比": "2701.8%",
        "大单封板": "强封",
        "弱转强": "否",
        "涨跌幅": "9.99%",
        "最新价": 10.79,
        "换手率": "0.14%",
        "封板资金": "1.73亿",
        "成交额": 6413954,
        "首次封板时间": "092503",
        "炸板次数": 0,
        "所属行业": "数字媒体",
        "晋级概率_pct": 41.54,
        "题材簇": "行业:数字媒体",
        "类似标的": "-"
      },
      {
        "代码": "000823",
        "名称": "超声电子",
        "涨停原因": "转债摘牌+PCB+覆铜板+算力硬件",
        "连板数": 3,
        "晋级概率": 0.3276168419331911,
        "封单占比": "4.3%",