{
  "trade_date": "20260723",
  "min_boards": 2,
  "hist_pairs": 5,
  "calibration": {
    "lookback_pairs": 38,
    "min_boards": 2,
    "laplace_alpha": 1.0,
    "shrink_to_overall": 0.15,
    "board_rates": {
      "2": 0.2669583118888317,
      "3": 0.3518479033404406,
      "4": 0.2572330654420207,
      "5": 0.3152985074626865,
      "6": 0.1630597014925373
    },
    "overall_ge2_rate": 0.2835820895522388,
    "factor_multipliers": {
      "early_seal": 1.0121,
      "zero_zhaban": 1.08,
      "heavy_seal": 1.08,
      "big_order_seal": 0.9866,
      "weak_to_strong": 0.92
    },
    "backtest_summary": {
      "source": "15d_empirical_recalibration",
      "trade_days": 39,
      "stock_samples": 201,
      "actual_promotion_rate": 0.2835820895522388,
      "brier_before": 0.1963420939422876,
      "brier_after": 0.19472540728577367,
      "pair_days": [
        "20260427",
        "20260428",
        "20260429",
        "20260430",
        "20260506",
        "20260507",
        "20260508",
        "20260511",
        "20260512",
        "20260513",
        "20260514",
        "20260515",
        "20260518",
        "20260519",
        "20260520",
        "20260521",
        "20260522",
        "20260525",
        "20260526",
        "20260527",
        "20260528",
        "20260529",
        "20260601",
        "20260602",
        "20260603",
        "20260604",
        "20260605",
        "20260608",
        "20260609",
        "20260610",
        "20260611",
        "20260612",
        "20260615",
        "20260616",
        "20260617",
        "20260618",
        "20260622",
        "20260623",
        "20260624"
      ]
    }
  },
  "rates_by_board": {
    "1": {
      "n": 1,
      "total": 252,
      "promoted": 28,
      "rate": 0.1111111111111111
    },
    "2": {
      "n": 2,
      "total": 29,
      "promoted": 8,
      "rate": 0.2669583118888317,
      "calibrated": true
    },
    "3": {
      "n": 3,
      "total": 7,
      "promoted": 4,
      "rate": 0.3518479033404406,
      "calibrated": true
    },
    "4": {
      "n": 4,
      "total": 3,
      "promoted": 1,
      "rate": 0.2572330654420207,
      "calibrated": true
    },
    "5": {
      "n": 5,
      "total": 2,
      "promoted": 1,
      "rate": 0.3152985074626865,
      "calibrated": true
    },
    "6": {
      "n": 6,
      "total": 0,
      "promoted": 0,
      "rate": 0.1630597014925373,
      "calibrated": true
    }
  },
  "stocks": [
    {
      "代码": "001258",
      "名称": "立新能源",
      "涨停原因": "风电光伏+半年报预增+新疆国资+定增获批",
      "连板数": 6,
      "晋级概率": 0.1639765144477612,
      "封单占比": "24.6%",
      "大单封板": "强封",
      "弱转强": "是",
      "涨跌幅": "9.99%",
      "最新价": 12.11,
      "换手率": "11.00%",
      "封板资金": "3.04亿",
      "成交额": 1236573184,
      "首次封板时间": "093145",
      "炸板次数": 7,
      "所属行业": "电力",
      "晋级概率_pct": 16.4,
      "题材簇": "煤炭/电力",
      "类似标的": "同线: 新中港、新能股份 | 似近月龙头: 大有能源"
    },
    {
      "代码": "000815",
      "名称": "美利云",
      "涨停原因": "算力租赁+东数西算+中国诚通旗下",
      "连板数": 4,
      "晋级概率": 0.23630839831269806,
      "封单占比": "17.5%",
      "大单封板": "是",
      "弱转强": "是",
      "涨跌幅": "9.98%",
      "最新价": 17.74,
      "换手率": "17.06%",
      "封板资金": "3.56亿",
      "成交额": 2032516448,
      "首次封板时间": "093703",
      "炸板次数": 3,
      "所属行业": "IT服务Ⅱ",
      "晋级概率_pct": 23.63,
      "题材簇": "AI/算力/机器人",
      "类似标的": "同线: 证通电子、长缆科技、中曼石油 | 似近月龙头: 天娱数科"
    },
    {
      "代码": "603221",
      "名称": "爱丽家居",
      "涨停原因": "拟收购欧康诺+存储测试设备+PVC弹性地板",
      "连板数": 3,
      "晋级概率": 0.4153611787292111,
      "封单占比": "24740.8%",
      "大单封板": "强封",
      "弱转强": "否",
      "涨跌幅": "10.03%",
      "最新价": 12.73,
      "换手率": "0.06%",
      "封板资金": "4.50亿",
      "成交额": 1820390,
      "首次封板时间": "092500",
      "炸板次数": 0,
      "所属行业": "家居用品",
      "晋级概率_pct": 41.54,
      "题材簇": "消费/独立",
      "类似标的": "-"
    },
    {
      "代码": "002197",
      "名称": "证通电子",
      "涨停原因": "算力租赁+数据中心REITs+金融科技+中报扭亏",
      "连板数": 3,
      "晋级概率": 0.3538261892878465,
      "封单占比": "28.7%",
      "大单封板": "强封",
      "弱转强": "是",
      "涨跌幅": "10.04%",
      "最新价": 7.67,
      "换手率": "10.96%",
      "封板资金": "1.24亿",
      "成交额": 433362224,
      "首次封板时间": "093127",
      "炸板次数": 1,
      "所属行业": "计算机设",
      "晋级概率_pct": 35.38,
      "题材簇": "AI/算力/机器人",
      "类似标的": "同线: 美利云、长缆科技、中曼石油 | 似近月龙头: 天娱数科"
    },
    {
      "代码": "002879",
      "名称": "长缆科技",
      "涨停原因": "回购+增持+液冷+电缆附件",
      "连板数": 3,
      "晋级概率": 0.3538261892878465,
      "封单占比": "26.6%",
      "大单封板": "强封",
      "弱转强": "是",
      "涨跌幅": "9.99%",
      "最新价": 16.41,
      "换手率": "18.06%",
      "封板资金": "1.05亿",
      "成交额": 395895424,
      "首次封板时间": "093445",
      "炸板次数": 2,
      "所属行业": "电网设备",
      "晋级概率_pct": 35.38,
      "题材簇": "AI/算力/机器人",
      "类似标的": "同线: 美利云、证通电子、中曼石油 | 似近月龙头: 天娱数科"
    },
    {
      "代码": "000595",
      "名称": "新能股份",
      "涨停原因": "控股股东增持+风光储+宁夏国资",
      "连板数": 2,
      "晋级概率": 0.3151478751044776,
      "封单占比": "452.4%",
      "大单封板": "强封",
      "弱转强": "否",
      "涨跌幅": "9.96%",
      "最新价": 5.52,
      "换手率": "0.36%",
      "封板资金": "1.03亿",
      "成交额": 22816368,
      "首次封板时间": "092500",
      "炸板次数": 0,
      "所属行业": "电力",
      "晋级概率_pct": 31.51,
      "题材簇": "煤炭/电力",
      "类似标的": "同线: 立新能源、新中港 | 似近月龙头: 大有能源"
    },
    {
      "代码": "301234",
      "名称": "五洲医疗",
      "涨停原因": "跨界并购+电机控制芯片+医疗器械出口",
      "连板数": 2,
      "晋级概率": 0.3151478751044776,
      "封单占比": "4288.0%",
      "大单封板": "强封",
      "弱转强": "否",
      "涨跌幅": "20.00%",
      "最新价": 48.96,
      "换手率": "0.79%",
      "封板资金": "6.63亿",
      "成交额": 15456672,
      "首次封板时间": "092500",
      "炸板次数": 0,
      "所属行业": "医疗器械",
      "晋级概率_pct": 31.51,
      "题材簇": "行业:医疗器械",
      "类似标的": "-"
    },
    {
      "代码": "603619",
      "名称": "中曼石油",
      "涨停原因": "油气开采+中东布局+机器人概念",
      "连板数": 2,
      "晋级概率": 0.3151478751044776,
      "封单占比": "51.3%",
      "大单封板": "强封",
      "弱转强": "否",
      "涨跌幅": "9.98%",
      "最新价": 23.47,
      "换手率": "2.61%",
      "封板资金": "1.44亿",
      "成交额": 280061296,
      "首次封板时间": "093111",
      "炸板次数": 0,
      "所属行业": "油服工程",
      "晋级概率_pct": 31.51,
      "题材簇": "AI/算力/机器人",
      "类似标的": "同线: 美利云、证通电子、长缆科技 | 似近月龙头: 天娱数科"
    },
    {
      "代码": "603988",
      "名称": "中电电机",
      "涨停原因": "黄金+电机+风电+储能",
      "连板数": 2,
      "晋级概率": 0.3151478751044776,
      "封单占比": "89.3%",
      "大单封板": "强封",
      "弱转强": "否",
      "涨跌幅": "9.99%",
      "最新价": 17.17,
      "换手率": "1.88%",
      "封板资金": "6693.90万",
      "成交额": 74951462,
      "首次封板时间": "093112",
      "炸板次数": 0,
      "所属行业": "电机Ⅱ",
      "晋级概率_pct": 31.51,
      "题材簇": "行业:电机Ⅱ",
      "类似标的": "-"
    },
    {
      "代码": "605162",
      "名称": "新中港",
      "涨停原因": "弗迪电池供热+热电联产+储能",
      "连板数": 2,
      "晋级概率": 0.3151478751044776,
      "封单占比": "130.6%",
      "大单封板": "强封",
      "弱转强": "否",
      "涨跌幅": "10.03%",
      "最新价": 8.45,
      "换手率": "2.94%",
      "封板资金": "1.42亿",
      "成交额": 108774584,
      "首次封板时间": "093135",
      "炸板次数": 0,
      "所属行业": "电力",
      "晋级概率_pct": 31.51,
      "题材簇": "煤炭/电力",
      "类似标的": "同线: 立新能源、新能股份 | 似近月龙头: 大有能源"
    },
    {
      "代码": "002412",
      "名称": "汉森制药",
      "涨停原因": "中药+独家品种+中报预增",
      "连板数": 2,
      "晋级概率": 0.3151478751044776,
      "封单占比": "54.7%",
      "大单封板": "强封",
      "弱转强": "否",
      "涨跌幅": "9.99%",
      "最新价": 7.38,
      "换手率": "6.29%",
      "封板资金": "1.21亿",
      "成交额": 221674145,
      "首次封板时间": "093848",
      "炸板次数": 0,
      "所属行业": "中药Ⅱ",
      "晋级概率_pct": 31.51,
      "题材簇": "行业:中药Ⅱ",
      "类似标的": "-"
    }
  ],
  "by_boards": {
    "6": [
      {
        "代码": "001258",
        "名称": "立新能源",
        "涨停原因": "风电光伏+半年报预增+新疆国资+定增获批",
        "连板数": 6,
        "晋级概率": 0.1639765144477612,
        "封单占比": "24.6%",
        "大单封板": "强封",
        "弱转强": "是",
        "涨跌幅": "9.99%",
        "最新价": 12.11,
        "换手率": "11.00%",
        "封板资金": "3.04亿",
        "成交额": 1236573184,
        "首次封板时间": "093145",
        "炸板次数": 7,
        "所属行业": "电力",