{
  "trade_date": "20260612",
  "min_boards": 2,
  "hist_pairs": 20,
  "calibration": {
    "lookback_pairs": 38,
    "min_boards": 2,
    "laplace_alpha": 1.0,
    "shrink_to_overall": 0.15,
    "board_rates": {
      "2": 0.2669583118888317,
      "3": 0.3518479033404406,
      "4": 0.2572330654420207,
      "5": 0.3152985074626865,
      "6": 0.1630597014925373
    },
    "overall_ge2_rate": 0.2835820895522388,
    "factor_multipliers": {
      "early_seal": 1.0121,
      "zero_zhaban": 1.08,
      "heavy_seal": 1.08,
      "big_order_seal": 0.9866,
      "weak_to_strong": 0.92
    },
    "backtest_summary": {
      "source": "15d_empirical_recalibration",
      "trade_days": 39,
      "stock_samples": 201,
      "actual_promotion_rate": 0.2835820895522388,
      "brier_before": 0.1963420939422876,
      "brier_after": 0.19472540728577367,
      "pair_days": [
        "20260427",
        "20260428",
        "20260429",
        "20260430",
        "20260506",
        "20260507",
        "20260508",
        "20260511",
        "20260512",
        "20260513",
        "20260514",
        "20260515",
        "20260518",
        "20260519",
        "20260520",
        "20260521",
        "20260522",
        "20260525",
        "20260526",
        "20260527",
        "20260528",
        "20260529",
        "20260601",
        "20260602",
        "20260603",
        "20260604",
        "20260605",
        "20260608",
        "20260609",
        "20260610",
        "20260611",
        "20260612",
        "20260615",
        "20260616",
        "20260617",
        "20260618",
        "20260622",
        "20260623",
        "20260624"
      ]
    }
  },
  "rates_by_board": {
    "1": {
      "n": 1,
      "total": 114,
      "promoted": 15,
      "rate": 0.13157894736842105
    },
    "2": {
      "n": 2,
      "total": 20,
      "promoted": 4,
      "rate": 0.2669583118888317,
      "calibrated": true
    },
    "3": {
      "n": 3,
      "total": 5,
      "promoted": 2,
      "rate": 0.3518479033404406,
      "calibrated": true
    },
    "4": {
      "n": 4,
      "total": 1,
      "promoted": 0,
      "rate": 0.2572330654420207,
      "calibrated": true
    },
    "5": {
      "n": 5,
      "total": 0,
      "promoted": 0,
      "rate": 0.3152985074626865,
      "calibrated": true
    },
    "6": {
      "n": 6,
      "total": 0,
      "promoted": 0,
      "rate": 0.1630597014925373,
      "calibrated": true
    }
  },
  "stocks": [
    {
      "代码": "603065",
      "名称": "宿迁联盛",
      "涨停原因": "跨界磷化铟衬底+光稳定剂",
      "连板数": 4,
      "晋级概率": 0.30366709096670497,
      "封单占比": "182.4%",
      "大单封板": "强封",
      "弱转强": "否",
      "涨跌幅": "10.03%",
      "最新价": 13.6,
      "换手率": "2.35%",
      "封板资金": "2.45亿",
      "成交额": 134146429,
      "首次封板时间": "092501",
      "炸板次数": 0,
      "所属行业": "化学制品",
      "晋级概率_pct": 30.37,
      "题材簇": "磷化铟/半导体材料",
      "类似标的": "同线: 和远气体、深桑达Ａ | 似近月龙头: 旭光电子"
    },
    {
      "代码": "002971",
      "名称": "和远气体",
      "涨停原因": "六氟化钨+电子特气+硅基功能性新材料",
      "连板数": 4,
      "晋级概率": 0.23951793869115962,
      "封单占比": "0.1%",
      "大单封板": "否",
      "弱转强": "是",
      "涨跌幅": "10.01%",
      "最新价": 58.03,
      "换手率": "36.94%",
      "封板资金": "453.79万",
      "成交额": 3325475344,
      "首次封板时间": "093109",
      "炸板次数": 57,
      "所属行业": "化学制品",
      "晋级概率_pct": 23.95,
      "题材簇": "磷化铟/半导体材料",
      "类似标的": "同线: 宿迁联盛、深桑达Ａ | 似近月龙头: 旭光电子"
    },
    {
      "代码": "601958",
      "名称": "金钼股份",
      "涨停原因": "钼基新材+存储芯片材料+陕西国资",
      "连板数": 2,
      "晋级概率": 0.3151478751044776,
      "封单占比": "205.7%",
      "大单封板": "强封",
      "弱转强": "否",
      "涨跌幅": "10.00%",
      "最新价": 25.52,
      "换手率": "0.51%",
      "封板资金": "8.56亿",
      "成交额": 416003920,
      "首次封板时间": "092502",
      "炸板次数": 0,
      "所属行业": "小金属",
      "晋级概率_pct": 31.51,
      "题材簇": "锆/小金属",
      "类似标的": "同线: 新金路、盛龙股份"
    },
    {
      "代码": "001257",
      "名称": "盛龙股份",
      "涨停原因": "钼替代钨+钼业龙头+洛阳国资",
      "连板数": 2,
      "晋级概率": 0.3151478751044776,
      "封单占比": "72.3%",
      "大单封板": "强封",
      "弱转强": "否",
      "涨跌幅": "9.99%",
      "最新价": 27.74,
      "换手率": "10.44%",
      "封板资金": "2.87亿",
      "成交额": 396697056,
      "首次封板时间": "093000",
      "炸板次数": 0,
      "所属行业": "小金属",
      "晋级概率_pct": 31.51,
      "题材簇": "锆/小金属",
      "类似标的": "同线: 新金路、金钼股份"
    },
    {
      "代码": "600067",
      "名称": "冠城新材",
      "涨停原因": "机器人概念+电磁线+一季报增长",
      "连板数": 2,
      "晋级概率": 0.2918035880597015,
      "封单占比": "4.9%",
      "大单封板": "否",
      "弱转强": "否",
      "涨跌幅": "10.13%",
      "最新价": 3.48,
      "换手率": "8.14%",
      "封板资金": "1875.80万",
      "成交额": 380863056,
      "首次封板时间": "102256",
      "炸板次数": 0,
      "所属行业": "电网设备",
      "晋级概率_pct": 29.18,
      "题材簇": "AI/算力/机器人",
      "类似标的": "似近月龙头: 天娱数科"
    },
    {
      "代码": "002203",
      "名称": "海亮股份",
      "涨停原因": "铜箔+微通道冷板+固态电池+一季报增长",
      "连板数": 2,
      "晋级概率": 0.24857342686567163,
      "封单占比": "10.2%",
      "大单封板": "否",
      "弱转强": "是",
      "涨跌幅": "10.00%",
      "最新价": 23.44,
      "换手率": "4.63%",
      "封板资金": "2.44亿",
      "成交额": 2398997024,
      "首次封板时间": "093003",
      "炸板次数": 3,
      "所属行业": "工业金属",
      "晋级概率_pct": 24.86,
      "题材簇": "行业:工业金属",
      "类似标的": "-"
    },
    {
      "代码": "001696",
      "名称": "宗申动力",
      "涨停原因": "低空经济+航空发动机+资产置换+分红",
      "连板数": 2,
      "晋级概率": 0.24857342686567163,
      "封单占比": "7.8%",
      "大单封板": "否",
      "弱转强": "是",
      "涨跌幅": "10.02%",
      "最新价": 22.84,
      "换手率": "10.51%",
      "封板资金": "1.65亿",
      "成交额": 2105919056,
      "首次封板时间": "095333",
      "炸板次数": 1,
      "所属行业": "通用设备",
      "晋级概率_pct": 24.86,
      "题材簇": "行业:通用设备",
      "类似标的": "-"
    },
    {
      "代码": "000510",
      "名称": "新金路",
      "涨停原因": "石英砂+锡钨钽+氯碱化工+减持终止",
      "连板数": 2,
      "晋级概率": 0.24560164693772515,
      "封单占比": "1.3%",
      "大单封板": "否",
      "弱转强": "是",
      "涨跌幅": "9.99%",
      "最新价": 19.37,
      "换手率": "11.99%",
      "封板资金": "1790.18万",
      "成交额": 1381382896,
      "首次封板时间": "103215",
      "炸板次数": 1,
      "所属行业": "化学原料",
      "晋级概率_pct": 24.56,
      "题材簇": "锆/小金属",
      "类似标的": "同线: 盛龙股份、金钼股份"
    },
    {
      "代码": "603014",
      "名称": "威高血净",
      "涨停原因": "并购重组+血液净化+医药包材",
      "连板数": 2,
      "晋级概率": 0.24560164693772515,
      "封单占比": "6.4%",
      "大单封板": "否",
      "弱转强": "是",
      "涨跌幅": "10.00%",
      "最新价": 36.53,
      "换手率": "8.90%",
      "封板资金": "2063.95万",
      "成交额": 323510592,
      "首次封板时间": "103512",
      "炸板次数": 3,
      "所属行业": "医疗器械",
      "晋级概率_pct": 24.56,
      "题材簇": "医药/创新药",
      "类似标的": "-"
    },
    {
      "代码": "000032",
      "名称": "深桑达Ａ",
      "涨停原因": "半导体洁净室+中国电子云增资+AI算力",
      "连板数": 2,
      "晋级概率": 0.24560164693772515,
      "封单占比": "0.2%",
      "大单封板": "否",
      "弱转强": "是",
      "涨跌幅": "10.00%",
      "最新价": 18.92,
      "换手率": "9.28%",
      "封板资金": "341.70万",
      "成交额": 1922674720,
      "首次封板时间": "131757",
      "炸板次数": 29,
      "所属行业": "专业工程",
      "晋级概率_pct": 24.56,
      "题材簇": "磷化铟/半导体材料",
      "类似标的": "同线: 和远气体、宿迁联盛 | 似近月龙头: 旭光电子"
    }
  ],
  "by_boards": {
    "4": [
      {
        "代码": "603065",
        "名称": "宿迁联盛",
        "涨停原因": "跨界磷化铟衬底+光稳定剂",
        "连板数": 4,
        "晋级概率": 0.30366709096670497,
        "封单占比": "182.4%",
        "大单封板": "强封",
        "弱转强": "否",
        "涨跌幅": "10.03%",
        "最新价": 13.6,
        "换手率": "2.35%",
        "封板资金": "2.45亿",
        "成交额": 134146429,
        "首次封板时间": "092501",
        "炸板次数": 0,
        "所属行业": "化学制品",
        "晋级概率_pct": 30.37,
        "题材簇": "磷化铟/半导体材料",
        "类似标的": "同线: 和远气体、深桑达Ａ | 似近月龙头: 旭光电子"
      },
      {
        "代码": "002971",
        "名称": "和远气体",
        "涨停原因": "六氟化钨+电子特气+硅基功能性新材料",
        "连板数": 4,
        "晋级概率": 0.23951793869115962,
        "封单占比": "0.1%",
        "大单封板": "否",
        "弱转强": "是",
        "涨跌幅": "10.01%",
        "最新价": 58.03,
        "换手率": "36.94%",
        "封板资金": "453.79万",
        "成交额": 3325475344,
        "首次封板时间": "093109",
        "炸板次数": 57,