{
  "trade_date": "20260707",
  "min_boards": 2,
  "hist_pairs": 20,
  "calibration": {
    "lookback_pairs": 38,
    "min_boards": 2,
    "laplace_alpha": 1.0,
    "shrink_to_overall": 0.15,
    "board_rates": {
      "2": 0.2669583118888317,
      "3": 0.3518479033404406,
      "4": 0.2572330654420207,
      "5": 0.3152985074626865,
      "6": 0.1630597014925373
    },
    "overall_ge2_rate": 0.2835820895522388,
    "factor_multipliers": {
      "early_seal": 1.0121,
      "zero_zhaban": 1.08,
      "heavy_seal": 1.08,
      "big_order_seal": 0.9866,
      "weak_to_strong": 0.92
    },
    "backtest_summary": {
      "source": "15d_empirical_recalibration",
      "trade_days": 39,
      "stock_samples": 201,
      "actual_promotion_rate": 0.2835820895522388,
      "brier_before": 0.1963420939422876,
      "brier_after": 0.19472540728577367,
      "pair_days": [
        "20260427",
        "20260428",
        "20260429",
        "20260430",
        "20260506",
        "20260507",
        "20260508",
        "20260511",
        "20260512",
        "20260513",
        "20260514",
        "20260515",
        "20260518",
        "20260519",
        "20260520",
        "20260521",
        "20260522",
        "20260525",
        "20260526",
        "20260527",
        "20260528",
        "20260529",
        "20260601",
        "20260602",
        "20260603",
        "20260604",
        "20260605",
        "20260608",
        "20260609",
        "20260610",
        "20260611",
        "20260612",
        "20260615",
        "20260616",
        "20260617",
        "20260618",
        "20260622",
        "20260623",
        "20260624"
      ]
    }
  },
  "rates_by_board": {
    "1": {
      "n": 1,
      "total": 773,
      "promoted": 96,
      "rate": 0.12419146183699871
    },
    "2": {
      "n": 2,
      "total": 103,
      "promoted": 13,
      "rate": 0.2669583118888317,
      "calibrated": true
    },
    "3": {
      "n": 3,
      "total": 15,
      "promoted": 4,
      "rate": 0.3518479033404406,
      "calibrated": true
    },
    "4": {
      "n": 4,
      "total": 7,
      "promoted": 3,
      "rate": 0.2572330654420207,
      "calibrated": true
    },
    "5": {
      "n": 5,
      "total": 2,
      "promoted": 2,
      "rate": 0.3152985074626865,
      "calibrated": true
    },
    "6": {
      "n": 6,
      "total": 1,
      "promoted": 0,
      "rate": 0.1630597014925373,
      "calibrated": true
    }
  },
  "stocks": [
    {
      "代码": "603137",
      "名称": "恒尚节能",
      "涨停原因": "拟收购存储公司+建筑幕墙+跨界转型",
      "连板数": 6,
      "晋级概率": 0.19249416913432835,
      "封单占比": "2536.2%",
      "大单封板": "强封",
      "弱转强": "否",
      "涨跌幅": "9.98%",
      "最新价": 20.83,
      "换手率": "0.40%",
      "封板资金": "3.85亿",
      "成交额": 15183966,
      "首次封板时间": "092503",
      "炸板次数": 0,
      "所属行业": "装修装饰",
      "晋级概率_pct": 19.25,
      "题材簇": "行业:装修装饰",
      "类似标的": "-"
    },
    {
      "代码": "600793",
      "名称": "宜宾纸业",
      "涨停原因": "TAC膜+醋酸纤维素+竹基新材料+宜宾国资",
      "连板数": 5,
      "晋级概率": 0.34464270895522386,
      "封单占比": "8.2%",
      "大单封板": "否",
      "弱转强": "否",
      "涨跌幅": "9.99%",
      "最新价": 19.37,
      "换手率": "9.55%",
      "封板资金": "2620.76万",
      "成交额": 321315280,
      "首次封板时间": "094637",
      "炸板次数": 0,
      "所属行业": "造纸",
      "晋级概率_pct": 34.46,
      "题材簇": "行业:造纸",
      "类似标的": "-"
    },
    {
      "代码": "600288",
      "名称": "大恒科技",
      "涨停原因": "机器视觉+机器人+半导体",
      "连板数": 2,
      "晋级概率": 0.24857342686567163,
      "封单占比": "0.8%",
      "大单封板": "否",
      "弱转强": "是",
      "涨跌幅": "9.97%",
      "最新价": 15.55,
      "换手率": "27.84%",
      "封板资金": "1530.67万",
      "成交额": 1869913040,
      "首次封板时间": "093406",
      "炸板次数": 11,
      "所属行业": "软件开发",
      "晋级概率_pct": 24.86,
      "题材簇": "磷化铟/半导体材料",
      "类似标的": "似近月龙头: 旭光电子"
    },
    {
      "代码": "600246",
      "名称": "万通发展",
      "涨停原因": "高速交换芯片+AI算力+PCIe5.0量产",
      "连板数": 2,
      "晋级概率": 0.24857342686567163,
      "封单占比": "0.1%",
      "大单封板": "否",
      "弱转强": "是",
      "涨跌幅": "9.99%",
      "最新价": 18.6,
      "换手率": "13.40%",
      "封板资金": "543.86万",
      "成交额": 4641980928,
      "首次封板时间": "094816",
      "炸板次数": 39,
      "所属行业": "房地产开",
      "晋级概率_pct": 24.86,
      "题材簇": "地产/城开",
      "类似标的": "-"
    },
    {
      "代码": "603861",
      "名称": "白云电器",
      "涨停原因": "变压器出海+AIDC直流配电+电网设备",
      "连板数": 2,
      "晋级概率": 0.24857342686567163,
      "封单占比": "5.5%",
      "大单封板": "否",
      "弱转强": "是",
      "涨跌幅": "9.99%",
      "最新价": 15.2,
      "换手率": "8.51%",
      "封板资金": "3699.22万",
      "成交额": 667597136,
      "首次封板时间": "095121",
      "炸板次数": 5,
      "所属行业": "电网设备",
      "晋级概率_pct": 24.86,
      "题材簇": "AI/算力/机器人",
      "类似标的": "似近月龙头: 天娱数科"
    }
  ],
  "by_boards": {
    "6": [
      {
        "代码": "603137",
        "名称": "恒尚节能",
        "涨停原因": "拟收购存储公司+建筑幕墙+跨界转型",
        "连板数": 6,
        "晋级概率": 0.19249416913432835,
        "封单占比": "2536.2%",
        "大单封板": "强封",
        "弱转强": "否",
        "涨跌幅": "9.98%",
        "最新价": 20.83,
        "换手率": "0.40%",
        "封板资金": "3.85亿",
        "成交额": 15183966,
        "首次封板时间": "092503",
        "炸板次数": 0,
        "所属行业": "装修装饰",
        "晋级概率_pct": 19.25,
        "题材簇": "行业:装修装饰",
        "类似标的": "-"
      }
    ],
    "5": [
      {
        "代码": "600793",
        "名称": "宜宾纸业",
        "涨停原因": "TAC膜+醋酸纤维素+竹基新材料+宜宾国资",
        "连板数": 5,
        "晋级概率": 0.34464270895522386,
        "封单占比": "8.2%",
        "大单封板": "否",
        "弱转强": "否",
        "涨跌幅": "9.99%",
        "最新价": 19.37,
        "换手率": "9.55%",
        "封板资金": "2620.76万",
        "成交额": 321315280,
        "首次封板时间": "094637",
        "炸板次数": 0,
        "所属行业": "造纸",
        "晋级概率_pct": 34.46,
        "题材簇": "行业:造纸",
        "类似标的": "-"
      }
    ],
    "2": [
      {
        "代码": "600288",
        "名称": "大恒科技",
        "涨停原因": "机器视觉+机器人+半导体",
        "连板数": 2,
        "晋级概率": 0.24857342686567163,
        "封单占比": "0.8%",
        "大单封板": "否",
        "弱转强": "是",
        "涨跌幅": "9.97%",
        "最新价": 15.55,
        "换手率": "27.84%",
        "封板资金": "1530.67万",
        "成交额": 1869913040,
        "首次封板时间": "093406",
        "炸板次数": 11,
        "所属行业": "软件开发",
        "晋级概率_pct": 24.86,
        "题材簇": "磷化铟/半导体材料",
        "类似标的": "似近月龙头: 旭光电子"
      },
      {
        "代码": "600246",
        "名称": "万通发展",
        "涨停原因": "高速交换芯片+AI算力+PCIe5.0量产",
        "连板数": 2,
        "晋级概率": 0.24857342686567163,
        "封单占比": "0.1%",
        "大单封板": "否",
        "弱转强": "是",
        "涨跌幅": "9.99%",
        "最新价": 18.6,
        "换手率": "13.40%",
        "封板资金": "543.86万",
        "成交额": 4641980928,
        "首次封板时间": "094816",
        "炸板次数": 39,
        "所属行业": "房地产开",
        "晋级概率_pct": 24.86,
        "题材簇": "地产/城开",
        "类似标的": "-"
      },
      {
        "代码": "603861",
        "名称": "白云电器",
        "涨停原因": "变压器出海+AIDC直流配电+电网设备",
        "连板数": 2,
        "晋级概率": 0.24857342686567163,
        "封单占比": "5.5%",
        "大单封板": "否",
        "弱转强": "是",
        "涨跌幅": "9.99%",
        "最新价": 15.2,
        "换手率": "8.51%",
        "封板资金": "3699.22万",
        "成交额": 667597136,
        "首次封板时间": "095121",
        "炸板次数": 5,
        "所属行业": "电网设备",
        "晋级概率_pct": 24.86,
        "题材簇": "AI/算力/机器人",
        "类似标的": "似近月龙头: 天娱数科"
      }
    ]
  }
}