{
  "trade_date": "20260720",
  "min_boards": 2,
  "hist_pairs": 20,
  "calibration": {
    "lookback_pairs": 38,
    "min_boards": 2,
    "laplace_alpha": 1.0,
    "shrink_to_overall": 0.15,
    "board_rates": {
      "2": 0.2669583118888317,
      "3": 0.3518479033404406,
      "4": 0.2572330654420207,
      "5": 0.3152985074626865,
      "6": 0.1630597014925373
    },
    "overall_ge2_rate": 0.2835820895522388,
    "factor_multipliers": {
      "early_seal": 1.0121,
      "zero_zhaban": 1.08,
      "heavy_seal": 1.08,
      "big_order_seal": 0.9866,
      "weak_to_strong": 0.92
    },
    "backtest_summary": {
      "source": "15d_empirical_recalibration",
      "trade_days": 39,
      "stock_samples": 201,
      "actual_promotion_rate": 0.2835820895522388,
      "brier_before": 0.1963420939422876,
      "brier_after": 0.19472540728577367,
      "pair_days": [
        "20260427",
        "20260428",
        "20260429",
        "20260430",
        "20260506",
        "20260507",
        "20260508",
        "20260511",
        "20260512",
        "20260513",
        "20260514",
        "20260515",
        "20260518",
        "20260519",
        "20260520",
        "20260521",
        "20260522",
        "20260525",
        "20260526",
        "20260527",
        "20260528",
        "20260529",
        "20260601",
        "20260602",
        "20260603",
        "20260604",
        "20260605",
        "20260608",
        "20260609",
        "20260610",
        "20260611",
        "20260612",
        "20260615",
        "20260616",
        "20260617",
        "20260618",
        "20260622",
        "20260623",
        "20260624"
      ]
    }
  },
  "rates_by_board": {
    "1": {
      "n": 1,
      "total": 889,
      "promoted": 111,
      "rate": 0.12485939257592801
    },
    "2": {
      "n": 2,
      "total": 125,
      "promoted": 20,
      "rate": 0.2669583118888317,
      "calibrated": true
    },
    "3": {
      "n": 3,
      "total": 21,
      "promoted": 5,
      "rate": 0.3518479033404406,
      "calibrated": true
    },
    "4": {
      "n": 4,
      "total": 5,
      "promoted": 3,
      "rate": 0.2572330654420207,
      "calibrated": true
    },
    "5": {
      "n": 5,
      "total": 3,
      "promoted": 1,
      "rate": 0.3152985074626865,
      "calibrated": true
    },
    "6": {
      "n": 6,
      "total": 1,
      "promoted": 1,
      "rate": 0.1630597014925373,
      "calibrated": true
    },
    "7": {
      "n": 7,
      "total": 1,
      "promoted": 1,
      "rate": 1.0
    },
    "8": {
      "n": 8,
      "total": 1,
      "promoted": 0,
      "rate": 0.0
    }
  },
  "stocks": [
    {
      "代码": "001258",
      "名称": "立新能源",
      "涨停原因": "风电光伏+定增获批+半年报预增+新疆国资",
      "连板数": 3,
      "晋级概率": 0.3232267762512864,
      "封单占比": "18.1%",
      "大单封板": "是",
      "弱转强": "是",
      "涨跌幅": "10.04%",
      "最新价": 9.1,
      "换手率": "8.80%",
      "封板资金": "1.33亿",
      "成交额": 733892672,
      "首次封板时间": "093157",
      "炸板次数": 2,
      "所属行业": "电力",
      "晋级概率_pct": 32.32,
      "题材簇": "煤炭/电力",
      "类似标的": "同线: 乐山电力、华银电力、桂冠电力 | 似近月龙头: 大有能源"
    },
    {
      "代码": "600722",
      "名称": "金牛化工",
      "涨停原因": "甲醇+风电+河北国资",
      "连板数": 2,
      "晋级概率": 0.2918035880597015,
      "封单占比": "1.2%",
      "大单封板": "否",
      "弱转强": "否",
      "涨跌幅": "9.96%",
      "最新价": 9.38,
      "换手率": "7.22%",
      "封板资金": "528.28万",
      "成交额": 451616176,
      "首次封板时间": "093546",
      "炸板次数": 0,
      "所属行业": "化学原料",
      "晋级概率_pct": 29.18,
      "题材簇": "化工/磷",
      "类似标的": "-"
    },
    {
      "代码": "600644",
      "名称": "乐山电力",
      "涨停原因": "电力+天然气+新型储能",
      "连板数": 2,
      "晋级概率": 0.24857342686567163,
      "封单占比": "0.4%",
      "大单封板": "否",
      "弱转强": "是",
      "涨跌幅": "9.99%",
      "最新价": 9.91,
      "换手率": "11.97%",
      "封板资金": "251.22万",
      "成交额": 670536384,
      "首次封板时间": "093245",
      "炸板次数": 2,
      "所属行业": "电力",
      "晋级概率_pct": 24.86,
      "题材簇": "煤炭/电力",
      "类似标的": "同线: 立新能源、华银电力、桂冠电力 | 似近月龙头: 大有能源"
    },
    {
      "代码": "600744",
      "名称": "华银电力",
      "涨停原因": "火电+新能源+定增获批+央企",
      "连板数": 2,
      "晋级概率": 0.24857342686567163,
      "封单占比": "1.6%",
      "大单封板": "否",
      "弱转强": "是",
      "涨跌幅": "10.07%",
      "最新价": 6.56,
      "换手率": "8.59%",
      "封板资金": "1771.40万",
      "成交额": 1125606768,
      "首次封板时间": "093500",
      "炸板次数": 1,
      "所属行业": "电力",
      "晋级概率_pct": 24.86,
      "题材簇": "煤炭/电力",
      "类似标的": "同线: 立新能源、乐山电力、桂冠电力 | 似近月龙头: 大有能源"
    },
    {
      "代码": "600236",
      "名称": "桂冠电力",
      "涨停原因": "水电高增+绿色电力+央企",
      "连板数": 2,
      "晋级概率": 0.24560164693772515,
      "封单占比": "0.1%",
      "大单封板": "否",
      "弱转强": "是",
      "涨跌幅": "9.98%",
      "最新价": 11.68,
      "换手率": "0.94%",
      "封板资金": "73.00万",
      "成交额": 848869984,
      "首次封板时间": "110056",
      "炸板次数": 12,
      "所属行业": "电力",
      "晋级概率_pct": 24.56,
      "题材簇": "煤炭/电力",
      "类似标的": "同线: 立新能源、乐山电力、华银电力 | 似近月龙头: 大有能源"
    },
    {
      "代码": "000722",
      "名称": "湖南发展",
      "涨停原因": "水力发电+中报预增+资产重组+湖南国资",
      "连板数": 2,
      "晋级概率": 0.24560164693772515,
      "封单占比": "0.3%",
      "大单封板": "否",
      "弱转强": "是",
      "涨跌幅": "9.98%",
      "最新价": 15.21,
      "换手率": "16.23%",
      "封板资金": "326.25万",
      "成交额": 1100838176,
      "首次封板时间": "144433",
      "炸板次数": 6,
      "所属行业": "电力",
      "晋级概率_pct": 24.56,
      "题材簇": "煤炭/电力",
      "类似标的": "同线: 立新能源、乐山电力、华银电力 | 似近月龙头: 大有能源"
    },
    {
      "代码": "000037",
      "名称": "深南电A",
      "涨停原因": "电力+中报扭亏+综合能源服务",
      "连板数": 2,
      "晋级概率": 0.24560164693772515,
      "封单占比": "0.2%",
      "大单封板": "否",
      "弱转强": "是",
      "涨跌幅": "10.00%",
      "最新价": 10.12,
      "换手率": "22.61%",
      "封板资金": "177.10万",
      "成交额": 746615024,
      "首次封板时间": "144548",
      "炸板次数": 2,
      "所属行业": "电力",
      "晋级概率_pct": 24.56,
      "题材簇": "煤炭/电力",
      "类似标的": "同线: 立新能源、乐山电力、华银电力 | 似近月龙头: 大有能源"
    }
  ],
  "by_boards": {
    "3": [
      {
        "代码": "001258",
        "名称": "立新能源",
        "涨停原因": "风电光伏+定增获批+半年报预增+新疆国资",
        "连板数": 3,
        "晋级概率": 0.3232267762512864,
        "封单占比": "18.1%",
        "大单封板": "是",
        "弱转强": "是",
        "涨跌幅": "10.04%",
        "最新价": 9.1,
        "换手率": "8.80%",
        "封板资金": "1.33亿",
        "成交额": 733892672,
        "首次封板时间": "093157",
        "炸板次数": 2,
        "所属行业": "电力",
        "晋级概率_pct": 32.32,
        "题材簇": "煤炭/电力",
        "类似标的": "同线: 乐山电力、华银电力、桂冠电力 | 似近月龙头: 大有能源"
      }
    ],
    "2": [
      {
        "代码": "600722",
        "名称": "金牛化工",
        "涨停原因": "甲醇+风电+河北国资",
        "连板数": 2,
        "晋级概率": 0.2918035880597015,
        "封单占比": "1.2%",
        "大单封板": "否",
        "弱转强": "否",
        "涨跌幅": "9.96%",
        "最新价": 9.38,
        "换手率": "7.22%",
        "封板资金": "528.28万",
        "成交额": 451616176,
        "首次封板时间": "093546",
        "炸板次数": 0,
        "所属行业": "化学原料",
        "晋级概率_pct": 29.18,
        "题材簇": "化工/磷",
        "类似标的": "-"
      },
      {
        "代码": "600644",
        "名称": "乐山电力",
        "涨停原因": "电力+天然气+新型储能",
        "连板数": 2,
        "晋级概率": 0.24857342686567163,
        "封单占比": "0.4%",
        "大单封板": "否",
        "弱转强": "是",
        "涨跌幅": "9.99%",
        "最新价": 9.91,
        "换手率": "11.97%",
        "封板资金": "251.22万",
        "成交额": 670536384,
        "首次封板时间": "093245",
        "炸板次数": 2,
        "所属行业": "电力",
        "晋级概率_pct": 24.86,
        "题材簇": "煤炭/电力",
        "类似标的": "同线: 立新能源、华银电力、桂冠电力 | 似近月龙头: 大有能源"
      },
      {
        "代码": "600744",
        "名称": "华银电力",
        "涨停原因": "火电+新能源+定增获批+央企",
        "连板数": 2,
        "晋级概率": 0.24857342686567163,
        "封单占比": "1.6%",
        "大单封板": "否",
        "弱转强": "是",
        "涨跌幅": "10.07%",
        "最新价": 6.56,
        "换手率": "8.59%",
        "封板资金": "1771.40万",
        "成交额": 1125606768,
        "首次封板时间": "093500",
        "炸板次数": 1,
        "所属行业": "电力",
        "晋级概率_pct": 24.86,
        "题材簇": "煤炭/电力",