{
  "trade_date": "20260624",
  "min_boards": 2,
  "hist_pairs": 20,
  "calibration": {
    "lookback_pairs": 38,
    "min_boards": 2,
    "laplace_alpha": 1.0,
    "shrink_to_overall": 0.15,
    "board_rates": {
      "2": 0.2669583118888317,
      "3": 0.3518479033404406,
      "4": 0.2572330654420207,
      "5": 0.3152985074626865,
      "6": 0.1630597014925373
    },
    "overall_ge2_rate": 0.2835820895522388,
    "factor_multipliers": {
      "early_seal": 1.0121,
      "zero_zhaban": 1.08,
      "heavy_seal": 1.08,
      "big_order_seal": 0.9866,
      "weak_to_strong": 0.92
    },
    "backtest_summary": {
      "source": "15d_empirical_recalibration",
      "trade_days": 39,
      "stock_samples": 201,
      "actual_promotion_rate": 0.2835820895522388,
      "brier_before": 0.1963420939422876,
      "brier_after": 0.19472540728577367,
      "pair_days": [
        "20260427",
        "20260428",
        "20260429",
        "20260430",
        "20260506",
        "20260507",
        "20260508",
        "20260511",
        "20260512",
        "20260513",
        "20260514",
        "20260515",
        "20260518",
        "20260519",
        "20260520",
        "20260521",
        "20260522",
        "20260525",
        "20260526",
        "20260527",
        "20260528",
        "20260529",
        "20260601",
        "20260602",
        "20260603",
        "20260604",
        "20260605",
        "20260608",
        "20260609",
        "20260610",
        "20260611",
        "20260612",
        "20260615",
        "20260616",
        "20260617",
        "20260618",
        "20260622",
        "20260623",
        "20260624"
      ]
    }
  },
  "rates_by_board": {
    "1": {
      "n": 1,
      "total": 747,
      "promoted": 103,
      "rate": 0.13788487282463185
    },
    "2": {
      "n": 2,
      "total": 109,
      "promoted": 32,
      "rate": 0.2669583118888317,
      "calibrated": true
    },
    "3": {
      "n": 3,
      "total": 31,
      "promoted": 10,
      "rate": 0.3518479033404406,
      "calibrated": true
    },
    "4": {
      "n": 4,
      "total": 8,
      "promoted": 2,
      "rate": 0.2572330654420207,
      "calibrated": true
    },
    "5": {
      "n": 5,
      "total": 2,
      "promoted": 0,
      "rate": 0.3152985074626865,
      "calibrated": true
    },
    "6": {
      "n": 6,
      "total": 0,
      "promoted": 0,
      "rate": 0.1630597014925373,
      "calibrated": true
    }
  },
  "stocks": [
    {
      "代码": "002674",
      "名称": "兴业科技",
      "涨停原因": "收购磷化铟+机器人电子皮肤+汽车内饰皮革",
      "连板数": 4,
      "晋级概率": 0.30366709096670497,
      "封单占比": "824.9%",
      "大单封板": "强封",
      "弱转强": "否",
      "涨跌幅": "10.02%",
      "最新价": 23.83,
      "换手率": "0.79%",
      "封板资金": "4.56亿",
      "成交额": 55292820,
      "首次封板时间": "092500",
      "炸板次数": 0,
      "所属行业": "纺织制造",
      "晋级概率_pct": 30.37,
      "题材簇": "磷化铟/半导体材料",
      "类似标的": "同线: 长裕集团、宝光股份、西陇科学 | 似近月龙头: 旭光电子"
    },
    {
      "代码": "603407",
      "名称": "长裕集团",
      "涨停原因": "氧氯化锆+陶瓷载板+光通讯+业绩增长",
      "连板数": 4,
      "晋级概率": 0.23951793869115962,
      "封单占比": "4.5%",
      "大单封板": "否",
      "弱转强": "是",
      "涨跌幅": "10.00%",
      "最新价": 90.55,
      "换手率": "24.12%",
      "封板资金": "3389.91万",
      "成交额": 752364080,
      "首次封板时间": "093825",
      "炸板次数": 3,
      "所属行业": "化学原料",
      "晋级概率_pct": 23.95,
      "题材簇": "磷化铟/半导体材料",
      "类似标的": "同线: 兴业科技、宝光股份、西陇科学 | 似近月龙头: 旭光电子"
    },
    {
      "代码": "002167",
      "名称": "东方锆业",
      "涨停原因": "锆产品涨价+氧化锆供给缺口+固态电池",
      "连板数": 4,
      "晋级概率": 0.23665442020665903,
      "封单占比": "0.2%",
      "大单封板": "否",
      "弱转强": "是",
      "涨跌幅": "9.99%",
      "最新价": 21.46,
      "换手率": "39.73%",
      "封板资金": "1179.44万",
      "成交额": 6178910976,
      "首次封板时间": "130539",
      "炸板次数": 19,
      "所属行业": "小金属",
      "晋级概率_pct": 23.67,
      "题材簇": "锆/小金属",
      "类似标的": "-"
    },
    {
      "代码": "605069",
      "名称": "正和生态",
      "涨停原因": "智谱AI+水务机器狗+生态水利",
      "连板数": 3,
      "晋级概率": 0.3276168419331911,
      "封单占比": "1.5%",
      "大单封板": "否",
      "弱转强": "是",
      "涨跌幅": "10.00%",
      "最新价": 14.74,
      "换手率": "14.09%",
      "封板资金": "630.28万",
      "成交额": 430779024,
      "首次封板时间": "093254",
      "炸板次数": 24,
      "所属行业": "环境治理",
      "晋级概率_pct": 32.76,
      "题材簇": "AI/算力/机器人",
      "类似标的": "同线: 圣阳股份 | 似近月龙头: 天娱数科"
    },
    {
      "代码": "603938",
      "名称": "三孚股份",
      "涨停原因": "高纯四氯化硅涨价+光纤材料+存储芯片",
      "连板数": 3,
      "晋级概率": 0.32370007107320536,
      "封单占比": "1.3%",
      "大单封板": "否",
      "弱转强": "是",
      "涨跌幅": "10.00%",
      "最新价": 71.63,
      "换手率": "13.55%",
      "封板资金": "4654.03万",
      "成交额": 3523391168,
      "首次封板时间": "130954",
      "炸板次数": 2,
      "所属行业": "化学原料",
      "晋级概率_pct": 32.37,
      "题材簇": "光纤/四氯化硅",
      "类似标的": "同线: 宏柏新材 | 似近月龙头: 宏柏新材、西陇科学"
    },
    {
      "代码": "002584",
      "名称": "西陇科学",
      "涨停原因": "PCB用化学试剂+磷化工+氢氟酸",
      "连板数": 2,
      "晋级概率": 0.3151478751044776,
      "封单占比": "105.6%",
      "大单封板": "强封",
      "弱转强": "否",
      "涨跌幅": "9.98%",
      "最新价": 11.02,
      "换手率": "3.16%",
      "封板资金": "1.72亿",
      "成交额": 163346705,
      "首次封板时间": "092500",
      "炸板次数": 0,
      "所属行业": "电子化学",
      "晋级概率_pct": 31.51,
      "题材簇": "磷化铟/半导体材料",
      "类似标的": "同线: 兴业科技、长裕集团、宝光股份 | 似近月龙头: 旭光电子"
    },
    {
      "代码": "000566",
      "名称": "海南海药",
      "涨停原因": "创新药+脑机接口+海南自贸区+国企",
      "连板数": 2,
      "晋级概率": 0.3151478751044776,
      "封单占比": "80.3%",
      "大单封板": "强封",
      "弱转强": "否",
      "涨跌幅": "10.05%",
      "最新价": 4.49,
      "换手率": "3.88%",
      "封板资金": "1.79亿",
      "成交额": 223282975,
      "首次封板时间": "093206",
      "炸板次数": 0,
      "所属行业": "化学制药",
      "晋级概率_pct": 31.51,
      "题材簇": "医药/创新药",
      "类似标的": "-"
    },
    {
      "代码": "002580",
      "名称": "圣阳股份",
      "涨停原因": "算力+液冷储能+电池+山东国资",
      "连板数": 2,
      "晋级概率": 0.28831497683993823,
      "封单占比": "5.4%",
      "大单封板": "否",
      "弱转强": "否",
      "涨跌幅": "10.00%",
      "最新价": 25.51,
      "换手率": "28.86%",
      "封板资金": "1.74亿",
      "成交额": 3205967280,
      "首次封板时间": "104036",
      "炸板次数": 0,
      "所属行业": "电池",
      "晋级概率_pct": 28.83,
      "题材簇": "AI/算力/机器人",
      "类似标的": "同线: 正和生态 | 似近月龙头: 天娱数科"
    },
    {
      "代码": "605366",
      "名称": "宏柏新材",
      "涨停原因": "光纤概念+高纯四氯化硅+含硫硅烷+券商推荐",
      "连板数": 2,
      "晋级概率": 0.28445155615028306,
      "封单占比": "14.7%",
      "大单封板": "是",
      "弱转强": "否",
      "涨跌幅": "10.00%",
      "最新价": 11.88,
      "换手率": "8.84%",
      "封板资金": "1.14亿",
      "成交额": 777308512,
      "首次封板时间": "105317",
      "炸板次数": 0,
      "所属行业": "化学制品",
      "晋级概率_pct": 28.45,
      "题材簇": "光纤/四氯化硅",
      "类似标的": "同线: 三孚股份 | 似近月龙头: 三孚股份、西陇科学"
    },
    {
      "代码": "002687",
      "名称": "乔治白",
      "涨停原因": "职业装+校服+通勤服拓展",
      "连板数": 2,
      "晋级概率": 0.2684593010149254,
      "封单占比": "22.2%",
      "大单封板": "强封",
      "弱转强": "是",
      "涨跌幅": "9.98%",
      "最新价": 5.07,
      "换手率": "13.66%",
      "封板资金": "6288.72万",
      "成交额": 282813440,
      "首次封板时间": "093242",
      "炸板次数": 1,
      "所属行业": "服装家纺",
      "晋级概率_pct": 26.85,
      "题材簇": "消费/独立",
      "类似标的": "同线: 德尔未来"
    },
    {
      "代码": "600379",
      "名称": "宝光股份",
      "涨停原因": "氦气+电子特气+真空灭弧室+央企",
      "连板数": 2,
      "晋级概率": 0.24560164693772515,
      "封单占比": "1.1%",
      "大单封板": "否",
      "弱转强": "是",
      "涨跌幅": "9.98%",
      "最新价": 15.1,
      "换手率": "21.35%",
      "封板资金": "1155.15万",
      "成交额": 1020439104,
      "首次封板时间": "134824",
      "炸板次数": 6,
      "所属行业": "电网设备",
      "晋级概率_pct": 24.56,
      "题材簇": "磷化铟/半导体材料",
      "类似标的": "同线: 兴业科技、长裕集团、西陇科学 | 似近月龙头: 旭光电子"
    },
    {
      "代码": "002631",
      "名称": "德尔未来",
      "涨停原因": "石墨烯+家居产品+亏损收窄",
      "连板数": 2,
      "晋级概率": 0.24560164693772515,
      "封单占比": "0.0%",
      "大单封板": "否",
      "弱转强": "是",
      "涨跌幅": "10.01%",
      "最新价": 9.89,
      "换手率": "12.38%",
      "封板资金": "39.56万",
      "成交额": 934455696,
      "首次封板时间": "143942",
      "炸板次数": 3,
      "所属行业": "家居用品",