{
  "trade_date": "20260604",
  "min_boards": 2,
  "hist_pairs": 20,
  "calibration": {
    "lookback_pairs": 38,
    "min_boards": 2,
    "laplace_alpha": 1.0,
    "shrink_to_overall": 0.15,
    "board_rates": {
      "2": 0.2669583118888317,
      "3": 0.3518479033404406,
      "4": 0.2572330654420207,
      "5": 0.3152985074626865,
      "6": 0.1630597014925373
    },
    "overall_ge2_rate": 0.2835820895522388,
    "factor_multipliers": {
      "early_seal": 1.0121,
      "zero_zhaban": 1.08,
      "heavy_seal": 1.08,
      "big_order_seal": 0.9866,
      "weak_to_strong": 0.92
    },
    "backtest_summary": {
      "source": "15d_empirical_recalibration",
      "trade_days": 39,
      "stock_samples": 201,
      "actual_promotion_rate": 0.2835820895522388,
      "brier_before": 0.1963420939422876,
      "brier_after": 0.19472540728577367,
      "pair_days": [
        "20260427",
        "20260428",
        "20260429",
        "20260430",
        "20260506",
        "20260507",
        "20260508",
        "20260511",
        "20260512",
        "20260513",
        "20260514",
        "20260515",
        "20260518",
        "20260519",
        "20260520",
        "20260521",
        "20260522",
        "20260525",
        "20260526",
        "20260527",
        "20260528",
        "20260529",
        "20260601",
        "20260602",
        "20260603",
        "20260604",
        "20260605",
        "20260608",
        "20260609",
        "20260610",
        "20260611",
        "20260612",
        "20260615",
        "20260616",
        "20260617",
        "20260618",
        "20260622",
        "20260623",
        "20260624"
      ]
    }
  },
  "rates_by_board": {
    "1": {
      "n": 1,
      "total": 55,
      "promoted": 6,
      "rate": 0.10909090909090909
    },
    "2": {
      "n": 2,
      "total": 6,
      "promoted": 1,
      "rate": 0.2669583118888317,
      "calibrated": true
    },
    "3": {
      "n": 3,
      "total": 5,
      "promoted": 3,
      "rate": 0.3518479033404406,
      "calibrated": true
    },
    "4": {
      "n": 4,
      "total": 0,
      "promoted": 0,
      "rate": 0.2572330654420207,
      "calibrated": true
    },
    "5": {
      "n": 5,
      "total": 0,
      "promoted": 0,
      "rate": 0.3152985074626865,
      "calibrated": true
    },
    "6": {
      "n": 6,
      "total": 0,
      "promoted": 0,
      "rate": 0.1630597014925373,
      "calibrated": true
    }
  },
  "stocks": [
    {
      "代码": "600403",
      "名称": "大有能源",
      "涨停原因": "煤炭+河南国资重组+国企改革",
      "连板数": 4,
      "晋级概率": 0.30366709096670497,
      "封单占比": "56.0%",
      "大单封板": "强封",
      "弱转强": "否",
      "涨跌幅": "9.96%",
      "最新价": 7.4,
      "换手率": "1.11%",
      "封板资金": "1.10亿",
      "成交额": 195943690,
      "首次封板时间": "092501",
      "炸板次数": 0,
      "所属行业": "煤炭开采",
      "晋级概率_pct": 30.37,
      "题材簇": "煤炭/电力",
      "类似标的": "同线: 新中港、豫能控股"
    },
    {
      "代码": "600367",
      "名称": "XD红星发",
      "涨停原因": "碳酸锶涨价+玻璃基板上游+MLCC上游+青岛国资",
      "连板数": 4,
      "晋级概率": 0.23951793869115962,
      "封单占比": "1.1%",
      "大单封板": "否",
      "弱转强": "是",
      "涨跌幅": "10.00%",
      "最新价": 46.98,
      "换手率": "21.61%",
      "封板资金": "3511.29万",
      "成交额": 3226590912,
      "首次封板时间": "093123",
      "炸板次数": 31,
      "所属行业": "化学原料",
      "晋级概率_pct": 23.95,
      "题材簇": "化工/磷",
      "类似标的": "-"
    },
    {
      "代码": "603330",
      "名称": "天洋新材",
      "涨停原因": "光模块透镜固定用胶+电子胶+半导体",
      "连板数": 4,
      "晋级概率": 0.23951793869115962,
      "封单占比": "7.0%",
      "大单封板": "否",
      "弱转强": "是",
      "涨跌幅": "10.06%",
      "最新价": 9.41,
      "换手率": "22.00%",
      "封板资金": "5625.86万",
      "成交额": 807779408,
      "首次封板时间": "094043",
      "炸板次数": 3,
      "所属行业": "塑料",
      "晋级概率_pct": 23.95,
      "题材簇": "磷化铟/半导体材料",
      "类似标的": "同线: 华源控股 | 似近月龙头: 旭光电子"
    },
    {
      "代码": "600255",
      "名称": "鑫科材料",
      "涨停原因": "高速铜连接+铜合金板带+一季报增长+国资",
      "连板数": 3,
      "晋级概率": 0.3276168419331911,
      "封单占比": "2.7%",
      "大单封板": "否",
      "弱转强": "是",
      "涨跌幅": "10.02%",
      "最新价": 4.83,
      "换手率": "34.37%",
      "封板资金": "8122.77万",
      "成交额": 2959451120,
      "首次封板时间": "093058",
      "炸板次数": 6,
      "所属行业": "金属新材",
      "晋级概率_pct": 32.76,
      "题材簇": "行业:金属新材",
      "类似标的": "-"
    },
    {
      "代码": "600688",
      "名称": "上海石化",
      "涨停原因": "T1000级碳纤维+石油化工+央企",
      "连板数": 2,
      "晋级概率": 0.2684593010149254,
      "封单占比": "27.6%",
      "大单封板": "强封",
      "弱转强": "是",
      "涨跌幅": "10.10%",
      "最新价": 3.38,
      "换手率": "2.40%",
      "封板资金": "1.64亿",
      "成交额": 593907504,
      "首次封板时间": "092504",
      "炸板次数": 1,
      "所属行业": "炼化及贸",
      "晋级概率_pct": 26.85,
      "题材簇": "行业:炼化及贸",
      "类似标的": "-"
    },
    {
      "代码": "603135",
      "名称": "中重科技",
      "涨停原因": "机器人+出海+新增订单+到期赎回",
      "连板数": 2,
      "晋级概率": 0.2684593010149254,
      "封单占比": "24.9%",
      "大单封板": "强封",
      "弱转强": "是",
      "涨跌幅": "10.01%",
      "最新价": 12.75,
      "换手率": "2.37%",
      "封板资金": "4662.62万",
      "成交额": 186921602,
      "首次封板时间": "093428",
      "炸板次数": 1,
      "所属行业": "专用设备",
      "晋级概率_pct": 26.85,
      "题材簇": "AI/算力/机器人",
      "类似标的": "同线: 瑞贝卡 | 似近月龙头: 天娱数科"
    },
    {
      "代码": "600439",
      "名称": "瑞贝卡",
      "涨停原因": "发制品+跨境电商+人形机器人+股东间接参投黄河信产",
      "连板数": 2,
      "晋级概率": 0.24857342686567163,
      "封单占比": "11.7%",
      "大单封板": "否",
      "弱转强": "是",
      "涨跌幅": "9.92%",
      "最新价": 2.88,
      "换手率": "8.58%",
      "封板资金": "3248.63万",
      "成交额": 277432144,
      "首次封板时间": "093055",
      "炸板次数": 2,
      "所属行业": "饰品",
      "晋级概率_pct": 24.86,
      "题材簇": "AI/算力/机器人",
      "类似标的": "同线: 中重科技 | 似近月龙头: 天娱数科"
    },
    {
      "代码": "001896",
      "名称": "豫能控股",
      "涨停原因": "参股算力+火电+河南国资",
      "连板数": 2,
      "晋级概率": 0.24857342686567163,
      "封单占比": "5.5%",
      "大单封板": "否",
      "弱转强": "是",
      "涨跌幅": "10.01%",
      "最新价": 22.09,
      "换手率": "13.51%",
      "封板资金": "2.48亿",
      "成交额": 4490332160,
      "首次封板时间": "093124",
      "炸板次数": 1,
      "所属行业": "电力",
      "晋级概率_pct": 24.86,
      "题材簇": "煤炭/电力",
      "类似标的": "同线: 大有能源、新中港 | 似近月龙头: 大有能源"
    },
    {
      "代码": "002787",
      "名称": "华源控股",
      "涨停原因": "参股宇树科技+半导体设备+一季报增长",
      "连板数": 2,
      "晋级概率": 0.24560164693772515,
      "封单占比": "0.2%",
      "大单封板": "否",
      "弱转强": "是",
      "涨跌幅": "10.02%",
      "最新价": 30.42,
      "换手率": "21.40%",
      "封板资金": "318.50万",
      "成交额": 1533755968,
      "首次封板时间": "140203",
      "炸板次数": 3,
      "所属行业": "包装印刷",
      "晋级概率_pct": 24.56,
      "题材簇": "磷化铟/半导体材料",
      "类似标的": "同线: 天洋新材 | 似近月龙头: 旭光电子"
    },
    {
      "代码": "605162",
      "名称": "新中港",
      "涨停原因": "可转债赎回完成+热电联产+弗迪电池供热",
      "连板数": 2,
      "晋级概率": 0.24524254294567163,
      "封单占比": "18.0%",
      "大单封板": "是",
      "弱转强": "是",
      "涨跌幅": "10.04%",
      "最新价": 12.71,
      "换手率": "7.35%",
      "封板资金": "7245.14万",
      "成交额": 403222480,
      "首次封板时间": "093458",
      "炸板次数": 2,
      "所属行业": "电力",
      "晋级概率_pct": 24.52,
      "题材簇": "煤炭/电力",
      "类似标的": "同线: 大有能源、豫能控股 | 似近月龙头: 大有能源"
    }
  ],
  "by_boards": {
    "4": [
      {
        "代码": "600403",
        "名称": "大有能源",
        "涨停原因": "煤炭+河南国资重组+国企改革",
        "连板数": 4,
        "晋级概率": 0.30366709096670497,
        "封单占比": "56.0%",
        "大单封板": "强封",
        "弱转强": "否",
        "涨跌幅": "9.96%",
        "最新价": 7.4,
        "换手率": "1.11%",
        "封板资金": "1.10亿",
        "成交额": 195943690,
        "首次封板时间": "092501",
        "炸板次数": 0,
        "所属行业": "煤炭开采",
        "晋级概率_pct": 30.37,
        "题材簇": "煤炭/电力",
        "类似标的": "同线: 新中港、豫能控股"
      },
      {
        "代码": "600367",
        "名称": "XD红星发",
        "涨停原因": "碳酸锶涨价+玻璃基板上游+MLCC上游+青岛国资",
        "连板数": 4,
        "晋级概率": 0.23951793869115962,
        "封单占比": "1.1%",
        "大单封板": "否",
        "弱转强": "是",
        "涨跌幅": "10.00%",
        "最新价": 46.98,
        "换手率": "21.61%",
        "封板资金": "3511.29万",
        "成交额": 3226590912,
        "首次封板时间": "093123",
        "炸板次数": 31,