{
  "trade_date": "20260615",
  "min_boards": 2,
  "hist_pairs": 20,
  "calibration": {
    "lookback_pairs": 38,
    "min_boards": 2,
    "laplace_alpha": 1.0,
    "shrink_to_overall": 0.15,
    "board_rates": {
      "2": 0.2669583118888317,
      "3": 0.3518479033404406,
      "4": 0.2572330654420207,
      "5": 0.3152985074626865,
      "6": 0.1630597014925373
    },
    "overall_ge2_rate": 0.2835820895522388,
    "factor_multipliers": {
      "early_seal": 1.0121,
      "zero_zhaban": 1.08,
      "heavy_seal": 1.08,
      "big_order_seal": 0.9866,
      "weak_to_strong": 0.92
    },
    "backtest_summary": {
      "source": "15d_empirical_recalibration",
      "trade_days": 39,
      "stock_samples": 201,
      "actual_promotion_rate": 0.2835820895522388,
      "brier_before": 0.1963420939422876,
      "brier_after": 0.19472540728577367,
      "pair_days": [
        "20260427",
        "20260428",
        "20260429",
        "20260430",
        "20260506",
        "20260507",
        "20260508",
        "20260511",
        "20260512",
        "20260513",
        "20260514",
        "20260515",
        "20260518",
        "20260519",
        "20260520",
        "20260521",
        "20260522",
        "20260525",
        "20260526",
        "20260527",
        "20260528",
        "20260529",
        "20260601",
        "20260602",
        "20260603",
        "20260604",
        "20260605",
        "20260608",
        "20260609",
        "20260610",
        "20260611",
        "20260612",
        "20260615",
        "20260616",
        "20260617",
        "20260618",
        "20260622",
        "20260623",
        "20260624"
      ]
    }
  },
  "rates_by_board": {
    "1": {
      "n": 1,
      "total": 193,
      "promoted": 22,
      "rate": 0.11398963730569948
    },
    "2": {
      "n": 2,
      "total": 28,
      "promoted": 8,
      "rate": 0.2669583118888317,
      "calibrated": true
    },
    "3": {
      "n": 3,
      "total": 5,
      "promoted": 2,
      "rate": 0.3518479033404406,
      "calibrated": true
    },
    "4": {
      "n": 4,
      "total": 3,
      "promoted": 0,
      "rate": 0.2572330654420207,
      "calibrated": true
    },
    "5": {
      "n": 5,
      "total": 0,
      "promoted": 0,
      "rate": 0.3152985074626865,
      "calibrated": true
    },
    "6": {
      "n": 6,
      "total": 0,
      "promoted": 0,
      "rate": 0.1630597014925373,
      "calibrated": true
    }
  },
  "stocks": [
    {
      "代码": "000510",
      "名称": "新金路",
      "涨停原因": "石英砂+氯碱化工+锡钨钽",
      "连板数": 3,
      "晋级概率": 0.4153611787292111,
      "封单占比": "44.5%",
      "大单封板": "强封",
      "弱转强": "否",
      "涨跌幅": "10.02%",
      "最新价": 21.31,
      "换手率": "2.72%",
      "封板资金": "1.56亿",
      "成交额": 351026048,
      "首次封板时间": "093000",
      "炸板次数": 0,
      "所属行业": "化学原料",
      "晋级概率_pct": 41.54,
      "题材簇": "锆/小金属",
      "类似标的": "同线: 盛龙股份、金钼股份"
    },
    {
      "代码": "001257",
      "名称": "盛龙股份",
      "涨停原因": "钼替代钨+钼业龙头+洛阳国资",
      "连板数": 3,
      "晋级概率": 0.3276168419331911,
      "封单占比": "6.0%",
      "大单封板": "否",
      "弱转强": "是",
      "涨跌幅": "9.99%",
      "最新价": 30.51,
      "换手率": "35.47%",
      "封板资金": "8761.45万",
      "成交额": 1472260528,
      "首次封板时间": "093039",
      "炸板次数": 4,
      "所属行业": "小金属",
      "晋级概率_pct": 32.76,
      "题材簇": "锆/小金属",
      "类似标的": "同线: 新金路、金钼股份"
    },
    {
      "代码": "601958",
      "名称": "金钼股份",
      "涨停原因": "钼价上涨+钼基新材料+陕西国资",
      "连板数": 3,
      "晋级概率": 0.3276168419331911,
      "封单占比": "2.3%",
      "大单封板": "否",
      "弱转强": "是",
      "涨跌幅": "9.99%",
      "最新价": 28.07,
      "换手率": "6.69%",
      "封板资金": "1.38亿",
      "成交额": 6029280768,
      "首次封板时间": "093213",
      "炸板次数": 19,
      "所属行业": "小金属",
      "晋级概率_pct": 32.76,
      "题材簇": "锆/小金属",
      "类似标的": "同线: 新金路、盛龙股份"
    },
    {
      "代码": "000032",
      "名称": "深桑达Ａ",
      "涨停原因": "半导体洁净室+中国电子云增资+AI算力",
      "连板数": 3,
      "晋级概率": 0.32370007107320536,
      "封单占比": "6.0%",
      "大单封板": "否",
      "弱转强": "是",
      "涨跌幅": "9.99%",
      "最新价": 20.81,
      "换手率": "8.83%",
      "封板资金": "1.22亿",
      "成交额": 2028997072,
      "首次封板时间": "110748",
      "炸板次数": 7,
      "所属行业": "专业工程",
      "晋级概率_pct": 32.37,
      "题材簇": "磷化铟/半导体材料",
      "类似标的": "同线: 迪生力、逸豪新材 | 似近月龙头: 旭光电子"
    },
    {
      "代码": "603335",
      "名称": "迪生力",
      "涨停原因": "收购半导体+汽车轮毂+股份转让",
      "连板数": 2,
      "晋级概率": 0.3151478751044776,
      "封单占比": "1041.2%",
      "大单封板": "强封",
      "弱转强": "否",
      "涨跌幅": "10.06%",
      "最新价": 8.86,
      "换手率": "0.40%",
      "封板资金": "1.58亿",
      "成交额": 15140579,
      "首次封板时间": "092504",
      "炸板次数": 0,
      "所属行业": "汽车零部",
      "晋级概率_pct": 31.51,
      "题材簇": "磷化铟/半导体材料",
      "类似标的": "同线: 深桑达Ａ、逸豪新材 | 似近月龙头: 旭光电子"
    },
    {
      "代码": "301176",
      "名称": "逸豪新材",
      "涨停原因": "PCB铜箔+AI算力+产能扩张",
      "连板数": 2,
      "晋级概率": 0.2684593010149254,
      "封单占比": "38.8%",
      "大单封板": "强封",
      "弱转强": "是",
      "涨跌幅": "20.00%",
      "最新价": 67.92,
      "换手率": "3.99%",
      "封板资金": "1.67亿",
      "成交额": 429694576,
      "首次封板时间": "093218",
      "炸板次数": 1,
      "所属行业": "元件",
      "晋级概率_pct": 26.85,
      "题材簇": "磷化铟/半导体材料",
      "类似标的": "同线: 深桑达Ａ、迪生力 | 似近月龙头: 旭光电子"
    },
    {
      "代码": "603738",
      "名称": "泰晶科技",
      "涨停原因": "光模块晶振+石英晶振+机器人应用",
      "连板数": 2,
      "晋级概率": 0.24857342686567163,
      "封单占比": "0.5%",
      "大单封板": "否",
      "弱转强": "是",
      "涨跌幅": "9.99%",
      "最新价": 56.91,
      "换手率": "22.48%",
      "封板资金": "2424.96万",
      "成交额": 4750247680,
      "首次封板时间": "092504",
      "炸板次数": 26,
      "所属行业": "元件",
      "晋级概率_pct": 24.86,
      "题材簇": "光纤/四氯化硅",
      "类似标的": "似近月龙头: 三孚股份、宏柏新材"
    },
    {
      "代码": "605198",
      "名称": "安德利",
      "涨停原因": "浓缩果汁龙头+H股回购+产能并购整合",
      "连板数": 2,
      "晋级概率": 0.24857342686567163,
      "封单占比": "9.5%",
      "大单封板": "否",
      "弱转强": "是",
      "涨跌幅": "10.00%",
      "最新价": 71.28,
      "换手率": "2.47%",
      "封板资金": "4499.19万",
      "成交额": 471130096,
      "首次封板时间": "093314",
      "炸板次数": 9,
      "所属行业": "农产品加",
      "晋级概率_pct": 24.86,
      "题材簇": "行业:农产品加",
      "类似标的": "-"
    },
    {
      "代码": "601696",
      "名称": "中银证券",
      "涨停原因": "证券+中国银行背景+期货+业绩增长",
      "连板数": 2,
      "晋级概率": 0.24857342686567163,
      "封单占比": "7.4%",
      "大单封板": "否",
      "弱转强": "是",
      "涨跌幅": "9.97%",
      "最新价": 12.69,
      "换手率": "4.77%",
      "封板资金": "1.23亿",
      "成交额": 1654769440,
      "首次封板时间": "093808",
      "炸板次数": 1,
      "所属行业": "证券Ⅱ",
      "晋级概率_pct": 24.86,
      "题材簇": "行业:证券Ⅱ",
      "类似标的": "-"
    },
    {
      "代码": "000506",
      "名称": "招金黄金",
      "涨停原因": "黄金+一季报扭亏+国企",
      "连板数": 2,
      "晋级概率": 0.24857342686567163,
      "封单占比": "10.0%",
      "大单封板": "否",
      "弱转强": "是",
      "涨跌幅": "9.98%",
      "最新价": 15.1,
      "换手率": "6.63%",
      "封板资金": "9062.37万",
      "成交额": 910113376,
      "首次封板时间": "094600",
      "炸板次数": 1,
      "所属行业": "贵金属",
      "晋级概率_pct": 24.86,
      "题材簇": "行业:贵金属",
      "类似标的": "-"
    },
    {
      "代码": "001359",
      "名称": "平安电工",
      "涨停原因": "电子布+云母绝缘+固态电池",
      "连板数": 2,
      "晋级概率": 0.24560164693772515,
      "封单占比": "2.1%",
      "大单封板": "否",
      "弱转强": "是",
      "涨跌幅": "10.00%",
      "最新价": 117.85,
      "换手率": "12.41%",
      "封板资金": "1344.59万",
      "成交额": 653389280,
      "首次封板时间": "134521",
      "炸板次数": 2,
      "所属行业": "塑料",
      "晋级概率_pct": 24.56,
      "题材簇": "PCB/元件",
      "类似标的": "-"
    }
  ],
  "by_boards": {
    "3": [
      {
        "代码": "000510",
        "名称": "新金路",
        "涨停原因": "石英砂+氯碱化工+锡钨钽",
        "连板数": 3,
        "晋级概率": 0.4153611787292111,
        "封单占比": "44.5%",
        "大单封板": "强封",
        "弱转强": "否",
        "涨跌幅": "10.02%",
        "最新价": 21.31,
        "换手率": "2.72%",
        "封板资金": "1.56亿",
        "成交额": 351026048,
        "首次封板时间": "093000",
        "炸板次数": 0,
        "所属行业": "化学原料",
        "晋级概率_pct": 41.54,
        "题材簇": "锆/小金属",