{
  "trade_date": "20260529",
  "min_boards": 2,
  "hist_pairs": 20,
  "calibration": {
    "lookback_pairs": 29,
    "min_boards": 2,
    "laplace_alpha": 1.0,
    "shrink_to_overall": 0.15,
    "board_rates": {
      "2": 0.26257090991604265,
      "3": 0.3729885057471265,
      "4": 0.27478632478632475,
      "5": 0.31474358974358974,
      "6": 0.16217948717948716,
      "7": 0.16217948717948716
    },
    "overall_ge2_rate": 0.28205128205128205,
    "factor_multipliers": {
      "early_seal": 1.0506,
      "zero_zhaban": 1.0569,
      "heavy_seal": 1.08,
      "big_order_seal": 1.08,
      "weak_to_strong": 0.9635
    },
    "backtest_summary": {
      "source": "15d_empirical_recalibration",
      "trade_days": 30,
      "stock_samples": 156,
      "actual_promotion_rate": 0.28205128205128205,
      "brier_before": 0.19513640904203408,
      "brier_after": 0.19513640904203408,
      "pair_days": [
        "20260427",
        "20260428",
        "20260429",
        "20260430",
        "20260506",
        "20260507",
        "20260508",
        "20260511",
        "20260512",
        "20260513",
        "20260514",
        "20260515",
        "20260518",
        "20260519",
        "20260520",
        "20260521",
        "20260522",
        "20260525",
        "20260526",
        "20260527",
        "20260528",
        "20260529",
        "20260601",
        "20260602",
        "20260603",
        "20260604",
        "20260605",
        "20260608",
        "20260609",
        "20260610"
      ]
    }
  },
  "rates_by_board": {
    "1": {
      "n": 1,
      "total": 378,
      "promoted": 51,
      "rate": 0.1349206349206349
    },
    "2": {
      "n": 2,
      "total": 50,
      "promoted": 15,
      "rate": 0.26257090991604265,
      "calibrated": true
    },
    "3": {
      "n": 3,
      "total": 13,
      "promoted": 4,
      "rate": 0.3729885057471265,
      "calibrated": true
    },
    "4": {
      "n": 4,
      "total": 5,
      "promoted": 2,
      "rate": 0.27478632478632475,
      "calibrated": true
    },
    "7": {
      "n": 7,
      "total": 1,
      "promoted": 0,
      "rate": 0.16217948717948716,
      "calibrated": true
    },
    "5": {
      "n": 5,
      "total": 0,
      "promoted": 0,
      "rate": 0.31474358974358974,
      "calibrated": true
    },
    "6": {
      "n": 6,
      "total": 0,
      "promoted": 0,
      "rate": 0.16217948717948716,
      "calibrated": true
    }
  },
  "stocks": [
    {
      "代码": "600162",
      "名称": "香江控股",
      "涨停原因": "广州地产项目+家居商贸+养老服务+低价股",
      "连板数": 5,
      "晋级概率": 0.37744349382,
      "封单占比": "45.5%",
      "大单封板": "强封",
      "弱转强": "否",
      "涨跌幅": "9.84%",
      "最新价": 2.79,
      "换手率": "3.51%",
      "封板资金": "1.44亿",
      "成交额": 315883040,
      "首次封板时间": "093052",
      "炸板次数": 0,
      "所属行业": "房地产开",
      "晋级概率_pct": 37.74
    },
    {
      "代码": "600726",
      "名称": "华电能源",
      "涨停原因": "热电联产+煤炭产销+一季报增长+央企",
      "连板数": 5,
      "晋级概率": 0.31860017442307687,
      "封单占比": "10.1%",
      "大单封板": "否",
      "弱转强": "是",
      "涨跌幅": "9.99%",
      "最新价": 10.13,
      "换手率": "2.26%",
      "封板资金": "1.71亿",
      "成交额": 1694746128,
      "首次封板时间": "093236",
      "炸板次数": 6,
      "所属行业": "电力",
      "晋级概率_pct": 31.86
    },
    {
      "代码": "000539",
      "名称": "粤电力Ａ",
      "涨停原因": "电力+业绩减亏+广东国资",
      "连板数": 3,
      "晋级概率": 0.4077634729034484,
      "封单占比": "18.8%",
      "大单封板": "是",
      "弱转强": "是",
      "涨跌幅": "10.04%",
      "最新价": 8.88,
      "换手率": "4.56%",
      "封板资金": "1.93亿",
      "成交额": 1024388064,
      "首次封板时间": "093118",
      "炸板次数": 1,
      "所属行业": "电力",
      "晋级概率_pct": 40.78
    },
    {
      "代码": "603011",
      "名称": "合锻智能",
      "涨停原因": "光模块结构件+CCL/PCB层压设备+高端成形机床",
      "连板数": 3,
      "晋级概率": 0.37755877120689657,
      "封单占比": "11.9%",
      "大单封板": "否",
      "弱转强": "是",
      "涨跌幅": "10.02%",
      "最新价": 24.92,
      "换手率": "11.08%",
      "封板资金": "1.60亿",
      "成交额": 1352094016,
      "首次封板时间": "093156",
      "炸板次数": 2,
      "所属行业": "专用设备",
      "晋级概率_pct": 37.76
    },
    {
      "代码": "002995",
      "名称": "天地在线",
      "涨停原因": "AI营销+字节概念+持股中书艺莲+VR文旅",
      "连板数": 2,
      "晋级概率": 0.3148775220329203,
      "封单占比": "23.0%",
      "大单封板": "强封",
      "弱转强": "否",
      "涨跌幅": "10.02%",
      "最新价": 22.83,
      "换手率": "16.64%",
      "封板资金": "9553.18万",
      "成交额": 415354736,
      "首次封板时间": "095336",
      "炸板次数": 0,
      "所属行业": "广告营销",
      "晋级概率_pct": 31.49
    },
    {
      "代码": "002806",
      "名称": "华锋股份",
      "涨停原因": "超级电容用材料+铝箔材+SiC控制器+实控人变更",
      "连板数": 2,
      "晋级概率": 0.2657882175323349,
      "封单占比": "3.0%",
      "大单封板": "否",
      "弱转强": "是",
      "涨跌幅": "9.99%",
      "最新价": 18.49,
      "换手率": "31.41%",
      "封板资金": "2981.44万",
      "成交额": 989857760,
      "首次封板时间": "093000",
      "炸板次数": 2,
      "所属行业": "汽车零部",
      "晋级概率_pct": 26.58
    },
    {
      "代码": "603324",
      "名称": "盛剑科技",
      "涨停原因": "光刻胶+半导体设备+股权激励",
      "连板数": 2,
      "晋级概率": 0.2657882175323349,
      "封单占比": "7.9%",
      "大单封板": "否",
      "弱转强": "是",
      "涨跌幅": "10.01%",
      "最新价": 34.29,
      "换手率": "10.14%",
      "封板资金": "3977.30万",
      "成交额": 506650672,
      "首次封板时间": "093145",
      "炸板次数": 2,
      "所属行业": "环保设备",
      "晋级概率_pct": 26.58
    },
    {
      "代码": "600110",
      "名称": "诺德股份",
      "涨停原因": "铜箔+HVLP+固态电池+满产满销",
      "连板数": 2,
      "晋级概率": 0.2657882175323349,
      "封单占比": "2.3%",
      "大单封板": "否",
      "弱转强": "是",
      "涨跌幅": "9.99%",
      "最新价": 12.66,
      "换手率": "15.97%",
      "封板资金": "7803.65万",
      "成交额": 3438621248,
      "首次封板时间": "094144",
      "炸板次数": 9,
      "所属行业": "电池",
      "晋级概率_pct": 26.58
    },
    {
      "代码": "000090",
      "名称": "天健集团",
      "涨停原因": "城中村改造+地产+董事长变更+深圳国资",
      "连板数": 2,
      "晋级概率": 0.2657882175323349,
      "封单占比": "8.3%",
      "大单封板": "否",
      "弱转强": "是",
      "涨跌幅": "10.00%",
      "最新价": 3.85,
      "换手率": "6.66%",
      "封板资金": "3888.33万",
      "成交额": 467949984,
      "首次封板时间": "094900",
      "炸板次数": 1,
      "所属行业": "房地产开",
      "晋级概率_pct": 26.58
    }
  ],
  "by_boards": {
    "5": [
      {
        "代码": "600162",
        "名称": "香江控股",
        "涨停原因": "广州地产项目+家居商贸+养老服务+低价股",
        "连板数": 5,
        "晋级概率": 0.37744349382,
        "封单占比": "45.5%",
        "大单封板": "强封",
        "弱转强": "否",
        "涨跌幅": "9.84%",
        "最新价": 2.79,
        "换手率": "3.51%",
        "封板资金": "1.44亿",
        "成交额": 315883040,
        "首次封板时间": "093052",
        "炸板次数": 0,
        "所属行业": "房地产开",
        "晋级概率_pct": 37.74
      },
      {
        "代码": "600726",
        "名称": "华电能源",
        "涨停原因": "热电联产+煤炭产销+一季报增长+央企",
        "连板数": 5,
        "晋级概率": 0.31860017442307687,
        "封单占比": "10.1%",
        "大单封板": "否",
        "弱转强": "是",
        "涨跌幅": "9.99%",
        "最新价": 10.13,
        "换手率": "2.26%",
        "封板资金": "1.71亿",
        "成交额": 1694746128,
        "首次封板时间": "093236",
        "炸板次数": 6,
        "所属行业": "电力",
        "晋级概率_pct": 31.86
      }
    ],
    "3": [
      {
        "代码": "000539",
        "名称": "粤电力Ａ",
        "涨停原因": "电力+业绩减亏+广东国资",
        "连板数": 3,
        "晋级概率": 0.4077634729034484,
        "封单占比": "18.8%",
        "大单封板": "是",
        "弱转强": "是",
        "涨跌幅": "10.04%",
        "最新价": 8.88,
        "换手率": "4.56%",
        "封板资金": "1.93亿",
        "成交额": 1024388064,
        "首次封板时间": "093118",
        "炸板次数": 1,
        "所属行业": "电力",
        "晋级概率_pct": 40.78
      },
      {
        "代码": "603011",
        "名称": "合锻智能",
        "涨停原因": "光模块结构件+CCL/PCB层压设备+高端成形机床",
        "连板数": 3,
        "晋级概率": 0.37755877120689657,
        "封单占比": "11.9%",
        "大单封板": "否",
        "弱转强": "是",
        "涨跌幅": "10.02%",
        "最新价": 24.92,
        "换手率": "11.08%",
        "封板资金": "1.60亿",
        "成交额": 1352094016,
        "首次封板时间": "093156",
        "炸板次数": 2,
        "所属行业": "专用设备",
        "晋级概率_pct": 37.76
      }
    ],
    "2": [
      {
        "代码": "002995",
        "名称": "天地在线",