{
  "trade_date": "20260518",
  "min_boards": 2,
  "hist_pairs": 20,
  "calibration": {
    "lookback_pairs": 17,
    "min_boards": 2,
    "laplace_alpha": 1.0,
    "shrink_to_overall": 0.15,
    "board_rates": {
      "2": 0.26273416082851053,
      "3": 0.3438921282798834,
      "4": 0.36020408163265305,
      "5": 0.5674198250728862,
      "6": 0.43632653061224486,
      "7": 0.4137755102040816,
      "8": 0.17308673469387753
    },
    "overall_ge2_rate": 0.3010204081632653,
    "factor_multipliers": {
      "early_seal": 1.0327,
      "zero_zhaban": 1.0501,
      "heavy_seal": 1.08,
      "big_order_seal": 1.08,
      "weak_to_strong": 0.9548
    },
    "backtest_summary": {
      "source": "15d_empirical_recalibration",
      "trade_days": 18,
      "stock_samples": 196,
      "actual_promotion_rate": 0.3010204081632653,
      "brier_before": 0.203084326411512,
      "brier_after": 0.19912267469074235,
      "pair_days": [
        "20260427",
        "20260428",
        "20260429",
        "20260430",
        "20260506",
        "20260507",
        "20260508",
        "20260511",
        "20260512",
        "20260513",
        "20260514",
        "20260515",
        "20260518",
        "20260519",
        "20260520",
        "20260521",
        "20260525",
        "20260526"
      ]
    }
  },
  "rates_by_board": {
    "1": {
      "n": 1,
      "total": 545,
      "promoted": 79,
      "rate": 0.14495412844036698
    },
    "2": {
      "n": 2,
      "total": 86,
      "promoted": 24,
      "rate": 0.26273416082851053,
      "calibrated": true
    },
    "3": {
      "n": 3,
      "total": 26,
      "promoted": 9,
      "rate": 0.3438921282798834,
      "calibrated": true
    },
    "4": {
      "n": 4,
      "total": 10,
      "promoted": 5,
      "rate": 0.36020408163265305,
      "calibrated": true
    },
    "5": {
      "n": 5,
      "total": 5,
      "promoted": 3,
      "rate": 0.5674198250728862,
      "calibrated": true
    },
    "6": {
      "n": 6,
      "total": 2,
      "promoted": 0,
      "rate": 0.43632653061224486,
      "calibrated": true
    },
    "7": {
      "n": 7,
      "total": 0,
      "promoted": 0,
      "rate": 0.4137755102040816,
      "calibrated": true
    },
    "8": {
      "n": 8,
      "total": 0,
      "promoted": 0,
      "rate": 0.17308673469387753,
      "calibrated": true
    }
  },
  "stocks": [
    {
      "代码": "001259",
      "名称": "利仁科技",
      "连板数": 6,
      "晋级概率": 0.4646457441874285,
      "大单封板": "是",
      "弱转强": "是",
      "涨跌幅": "10.00%",
      "最新价": 66.55,
      "换手率": "14.15%",
      "封板资金": "5691.36万",
      "首次封板时间": "092500",
      "炸板次数": 1,
      "所属行业": "小家电",
      "晋级概率_pct": 46.46,
      "涨停原因": "股份转让+小家电+露营经济",
      "封单占比": "12.7%"
    },
    {
      "代码": "603779",
      "名称": "威龙股份",
      "连板数": 4,
      "晋级概率": 0.42186861842326534,
      "大单封板": "强封",
      "弱转强": "否",
      "涨跌幅": "9.98%",
      "最新价": 10.91,
      "换手率": "1.01%",
      "封板资金": "4.58亿",
      "首次封板时间": "092501",
      "炸板次数": 0,
      "所属行业": "非白酒",
      "晋级概率_pct": 42.19,
      "涨停原因": "淄博国资入主+葡萄酒+白兰地",
      "封单占比": "1246.9%"
    },
    {
      "代码": "600578",
      "名称": "京能电力",
      "连板数": 4,
      "晋级概率": 0.35516913457142857,
      "大单封板": "否",
      "弱转强": "是",
      "涨跌幅": "9.99%",
      "最新价": 7.71,
      "换手率": "3.60%",
      "封板资金": "1.78亿",
      "首次封板时间": "093135",
      "炸板次数": 4,
      "所属行业": "电力",
      "晋级概率_pct": 35.52,
      "涨停原因": "风光火储+绿电转型+北京国资",
      "封单占比": "9.7%"
    },
    {
      "代码": "603082",
      "名称": "北自科技",
      "连板数": 3,
      "晋级概率": 0.33908519035510204,
      "大单封板": "否",
      "弱转强": "是",
      "涨跌幅": "10.00%",
      "最新价": 46.53,
      "换手率": "52.07%",
      "封板资金": "7152.60万",
      "首次封板时间": "093219",
      "炸板次数": 4,
      "所属行业": "自动化设",
      "晋级概率_pct": 33.91,
      "涨停原因": "人形机器人+智能物流+拟收购穗柯智能+央企",
      "封单占比": "7.4%"
    },
    {
      "代码": "002421",
      "名称": "达实智能",
      "连板数": 2,
      "晋级概率": 0.30771249714587345,
      "大单封板": "是",
      "弱转强": "否",
      "涨跌幅": "9.97%",
      "最新价": 3.53,
      "换手率": "17.05%",
      "封板资金": "1.49亿",
      "首次封板时间": "102142",
      "炸板次数": 0,
      "所属行业": "IT服务Ⅱ",
      "晋级概率_pct": 30.77,
      "涨停原因": "液冷服务器+AIoT平台+AI应用+机器人概念",
      "封单占比": "13.1%"
    },
    {
      "代码": "601133",
      "名称": "柏诚股份",
      "连板数": 2,
      "晋级概率": 0.30771249714587345,
      "大单封板": "强封",
      "弱转强": "否",
      "涨跌幅": "10.01%",
      "最新价": 31.0,
      "换手率": "2.13%",
      "封板资金": "9985.68万",
      "首次封板时间": "093031",
      "炸板次数": 0,
      "所属行业": "专业工程",
      "晋级概率_pct": 30.77,
      "涨停原因": "长鑫产业链+存储芯片+半导体洁净室",
      "封单占比": "29.0%"
    },
    {
      "代码": "002374",
      "名称": "中锐股份",
      "连板数": 2,
      "晋级概率": 0.2797865843966098,
      "大单封板": "强封",
      "弱转强": "是",
      "涨跌幅": "10.14%",
      "最新价": 3.91,
      "换手率": "8.61%",
      "封板资金": "7625.39万",
      "首次封板时间": "093003",
      "炸板次数": 1,
      "所属行业": "包装印刷",
      "晋级概率_pct": 27.98,
      "涨停原因": "防伪瓶盖+化债预期+保健酒外销",
      "封单占比": "21.1%"
    },
    {
      "代码": "601678",
      "名称": "滨化股份",
      "连板数": 2,
      "晋级概率": 0.25906165221908317,
      "大单封板": "否",
      "弱转强": "是",
      "涨跌幅": "9.98%",
      "最新价": 6.39,
      "换手率": "13.97%",
      "封板资金": "1.62亿",
      "首次封板时间": "094209",
      "炸板次数": 1,
      "所属行业": "化学原料",
      "晋级概率_pct": 25.91,
      "涨停原因": "氢氟酸+环氧丙烷龙头+股东增持",
      "封单占比": "9.2%"
    },
    {
      "代码": "603311",
      "名称": "金海高科",
      "连板数": 2,
      "晋级概率": 0.25906165221908317,
      "大单封板": "否",
      "弱转强": "是",
      "涨跌幅": "10.00%",
      "最新价": 25.41,
      "换手率": "9.62%",
      "封板资金": "4604.04万",
      "首次封板时间": "093341",
      "炸板次数": 12,
      "所属行业": "家电零部",
      "晋级概率_pct": 25.91,
      "涨停原因": "控制权变更+复牌+空气过滤",
      "封单占比": "8.2%"
    }
  ],
  "by_boards": {
    "6": [
      {
        "代码": "001259",
        "名称": "利仁科技",
        "连板数": 6,
        "晋级概率": 0.4646457441874285,
        "大单封板": "是",
        "弱转强": "是",
        "涨跌幅": "10.00%",
        "最新价": 66.55,
        "换手率": "14.15%",
        "封板资金": "5691.36万",
        "首次封板时间": "092500",
        "炸板次数": 1,
        "所属行业": "小家电",
        "晋级概率_pct": 46.46,
        "涨停原因": "股份转让+小家电+露营经济",
        "封单占比": "12.7%"
      }
    ],
    "4": [
      {
        "代码": "603779",
        "名称": "威龙股份",
        "连板数": 4,
        "晋级概率": 0.42186861842326534,
        "大单封板": "强封",
        "弱转强": "否",
        "涨跌幅": "9.98%",
        "最新价": 10.91,
        "换手率": "1.01%",
        "封板资金": "4.58亿",
        "首次封板时间": "092501",
        "炸板次数": 0,
        "所属行业": "非白酒",
        "晋级概率_pct": 42.19,
        "涨停原因": "淄博国资入主+葡萄酒+白兰地",
        "封单占比": "1246.9%"
      },
      {
        "代码": "600578",
        "名称": "京能电力",
        "连板数": 4,
        "晋级概率": 0.35516913457142857,
        "大单封板": "否",
        "弱转强": "是",
        "涨跌幅": "9.99%",
        "最新价": 7.71,
        "换手率": "3.60%",
        "封板资金": "1.78亿",
        "首次封板时间": "093135",
        "炸板次数": 4,
        "所属行业": "电力",
        "晋级概率_pct": 35.52,
        "涨停原因": "风光火储+绿电转型+北京国资",
        "封单占比": "9.7%"
      }
    ],
    "3": [
      {
        "代码": "603082",
        "名称": "北自科技",
        "连板数": 3,
        "晋级概率": 0.33908519035510204,
        "大单封板": "否",
        "弱转强": "是",
        "涨跌幅": "10.00%",
        "最新价": 46.53,
        "换手率": "52.07%",
        "封板资金": "7152.60万",
        "首次封板时间": "093219",
        "炸板次数": 4,
        "所属行业": "自动化设",
        "晋级概率_pct": 33.91,
        "涨停原因": "人形机器人+智能物流+拟收购穗柯智能+央企",
        "封单占比": "7.4%"
      }
    ],
    "2": [
      {
        "代码": "002421",
        "名称": "达实智能",
        "连板数": 2,
        "晋级概率": 0.30771249714587345,
        "大单封板": "是",
        "弱转强": "否",
        "涨跌幅": "9.97%",
        "最新价": 3.53,
        "换手率": "17.05%",
        "封板资金": "1.49亿",
        "首次封板时间": "102142",
        "炸板次数": 0,
        "所属行业": "IT服务Ⅱ",
        "晋级概率_pct": 30.77,
        "涨停原因": "液冷服务器+AIoT平台+AI应用+机器人概念",
        "封单占比": "13.1%"
      },
      {
        "代码": "601133",
        "名称": "柏诚股份",