{
  "trade_date": "20260713",
  "min_boards": 2,
  "hist_pairs": 20,
  "calibration": {
    "lookback_pairs": 38,
    "min_boards": 2,
    "laplace_alpha": 1.0,
    "shrink_to_overall": 0.15,
    "board_rates": {
      "2": 0.2669583118888317,
      "3": 0.3518479033404406,
      "4": 0.2572330654420207,
      "5": 0.3152985074626865,
      "6": 0.1630597014925373
    },
    "overall_ge2_rate": 0.2835820895522388,
    "factor_multipliers": {
      "early_seal": 1.0121,
      "zero_zhaban": 1.08,
      "heavy_seal": 1.08,
      "big_order_seal": 0.9866,
      "weak_to_strong": 0.92
    },
    "backtest_summary": {
      "source": "15d_empirical_recalibration",
      "trade_days": 39,
      "stock_samples": 201,
      "actual_promotion_rate": 0.2835820895522388,
      "brier_before": 0.1963420939422876,
      "brier_after": 0.19472540728577367,
      "pair_days": [
        "20260427",
        "20260428",
        "20260429",
        "20260430",
        "20260506",
        "20260507",
        "20260508",
        "20260511",
        "20260512",
        "20260513",
        "20260514",
        "20260515",
        "20260518",
        "20260519",
        "20260520",
        "20260521",
        "20260522",
        "20260525",
        "20260526",
        "20260527",
        "20260528",
        "20260529",
        "20260601",
        "20260602",
        "20260603",
        "20260604",
        "20260605",
        "20260608",
        "20260609",
        "20260610",
        "20260611",
        "20260612",
        "20260615",
        "20260616",
        "20260617",
        "20260618",
        "20260622",
        "20260623",
        "20260624"
      ]
    }
  },
  "rates_by_board": {
    "1": {
      "n": 1,
      "total": 989,
      "promoted": 121,
      "rate": 0.12234580384226491
    },
    "2": {
      "n": 2,
      "total": 125,
      "promoted": 18,
      "rate": 0.2669583118888317,
      "calibrated": true
    },
    "3": {
      "n": 3,
      "total": 17,
      "promoted": 4,
      "rate": 0.3518479033404406,
      "calibrated": true
    },
    "4": {
      "n": 4,
      "total": 7,
      "promoted": 3,
      "rate": 0.2572330654420207,
      "calibrated": true
    },
    "5": {
      "n": 5,
      "total": 3,
      "promoted": 2,
      "rate": 0.3152985074626865,
      "calibrated": true
    },
    "6": {
      "n": 6,
      "total": 2,
      "promoted": 1,
      "rate": 0.1630597014925373,
      "calibrated": true
    },
    "7": {
      "n": 7,
      "total": 1,
      "promoted": 1,
      "rate": 1.0
    },
    "8": {
      "n": 8,
      "total": 1,
      "promoted": 0,
      "rate": 0.0
    }
  },
  "stocks": [
    {
      "代码": "600992",
      "名称": "贵绳股份",
      "涨停原因": "商业航天+钢丝绳+贵州国资",
      "连板数": 3,
      "晋级概率": 0.4153611787292111,
      "封单占比": "162.5%",
      "大单封板": "强封",
      "弱转强": "否",
      "涨跌幅": "10.05%",
      "最新价": 11.72,
      "换手率": "2.22%",
      "封板资金": "1.04亿",
      "成交额": 63778201,
      "首次封板时间": "092501",
      "炸板次数": 0,
      "所属行业": "通用设备",
      "晋级概率_pct": 41.54,
      "题材簇": "行业:通用设备",
      "类似标的": "-"
    },
    {
      "代码": "003020",
      "名称": "立方制药",
      "涨停原因": "基药目录新增+精麻药+缓控释制剂",
      "连板数": 3,
      "晋级概率": 0.3538261892878465,
      "封单占比": "24.5%",
      "大单封板": "强封",
      "弱转强": "是",
      "涨跌幅": "9.98%",
      "最新价": 20.61,
      "换手率": "9.85%",
      "封板资金": "8296.35万",
      "成交额": 339069040,
      "首次封板时间": "093015",
      "炸板次数": 1,
      "所属行业": "化学制药",
      "晋级概率_pct": 35.38,
      "题材簇": "医药/创新药",
      "类似标的": "同线: 哈药股份、联环药业"
    },
    {
      "代码": "001395",
      "名称": "亚联机械",
      "涨停原因": "中报预增+人造板装备+海外业务",
      "连板数": 3,
      "晋级概率": 0.3276168419331911,
      "封单占比": "1.5%",
      "大单封板": "否",
      "弱转强": "是",
      "涨跌幅": "9.99%",
      "最新价": 31.49,
      "换手率": "22.38%",
      "封板资金": "551.11万",
      "成交额": 357072176,
      "首次封板时间": "100945",
      "炸板次数": 4,
      "所属行业": "专用设备",
      "晋级概率_pct": 32.76,
      "题材簇": "行业:专用设备",
      "类似标的": "-"
    },
    {
      "代码": "600513",
      "名称": "联环药业",
      "涨停原因": "创新药+LH-1801申报+SGLT-2抑制剂+扬州国资",
      "连板数": 2,
      "晋级概率": 0.28831497683993823,
      "封单占比": "8.3%",
      "大单封板": "否",
      "弱转强": "否",
      "涨跌幅": "10.01%",
      "最新价": 17.04,
      "换手率": "14.86%",
      "封板资金": "5618.94万",
      "成交额": 674830720,
      "首次封板时间": "135532",
      "炸板次数": 0,
      "所属行业": "化学制药",
      "晋级概率_pct": 28.83,
      "题材簇": "医药/创新药",
      "类似标的": "同线: 立方制药、哈药股份"
    },
    {
      "代码": "601608",
      "名称": "中信重工",
      "涨停原因": "商业航天+助力海上回收+矿山机器人+央企",
      "连板数": 2,
      "晋级概率": 0.24857342686567163,
      "封单占比": "5.6%",
      "大单封板": "否",
      "弱转强": "是",
      "涨跌幅": "9.92%",
      "最新价": 5.54,
      "换手率": "4.47%",
      "封板资金": "6334.86万",
      "成交额": 1123061088,
      "首次封板时间": "092501",
      "炸板次数": 2,
      "所属行业": "专用设备",
      "晋级概率_pct": 24.86,
      "题材簇": "AI/算力/机器人",
      "类似标的": "似近月龙头: 天娱数科"
    },
    {
      "代码": "605090",
      "名称": "九丰能源",
      "涨停原因": "氦气+商业航天+清洁能源",
      "连板数": 2,
      "晋级概率": 0.24857342686567163,
      "封单占比": "4.0%",
      "大单封板": "否",
      "弱转强": "是",
      "涨跌幅": "10.01%",
      "最新价": 41.78,
      "换手率": "7.99%",
      "封板资金": "9333.25万",
      "成交额": 2351837088,
      "首次封板时间": "092503",
      "炸板次数": 6,
      "所属行业": "燃气Ⅱ",
      "晋级概率_pct": 24.86,
      "题材簇": "行业:燃气Ⅱ",
      "类似标的": "-"
    },
    {
      "代码": "600664",
      "名称": "哈药股份",
      "涨停原因": "中报预增+化学制药+创新药",
      "连板数": 2,
      "晋级概率": 0.24857342686567163,
      "封单占比": "10.9%",
      "大单封板": "否",
      "弱转强": "是",
      "涨跌幅": "10.09%",
      "最新价": 3.71,
      "换手率": "8.00%",
      "封板资金": "8065.77万",
      "成交额": 737706224,
      "首次封板时间": "093422",
      "炸板次数": 3,
      "所属行业": "化学制药",
      "晋级概率_pct": 24.86,
      "题材簇": "医药/创新药",
      "类似标的": "同线: 立方制药、联环药业"
    },
    {
      "代码": "000920",
      "名称": "沃顿科技",
      "涨停原因": "半导体超纯水膜+盐湖提锂+膜材料扩产+央企",
      "连板数": 2,
      "晋级概率": 0.24857342686567163,
      "封单占比": "4.9%",
      "大单封板": "否",
      "弱转强": "是",
      "涨跌幅": "10.04%",
      "最新价": 14.03,
      "换手率": "10.15%",
      "封板资金": "3230.74万",
      "成交额": 657440320,
      "首次封板时间": "102518",
      "炸板次数": 8,
      "所属行业": "塑料",
      "晋级概率_pct": 24.86,
      "题材簇": "磷化铟/半导体材料",
      "类似标的": "似近月龙头: 旭光电子"
    },
    {
      "代码": "600629",
      "名称": "华建集团",
      "涨停原因": "子公司重整获批+工程设计+上海微电子相关+上海国资",
      "连板数": 2,
      "晋级概率": 0.24560164693772515,
      "封单占比": "10.2%",
      "大单封板": "否",
      "弱转强": "是",
      "涨跌幅": "10.04%",
      "最新价": 14.03,
      "换手率": "4.42%",
      "封板资金": "6909.60万",
      "成交额": 678286928,
      "首次封板时间": "131154",
      "炸板次数": 1,
      "所属行业": "工程咨询",
      "晋级概率_pct": 24.56,
      "题材簇": "行业:工程咨询",
      "类似标的": "-"
    }
  ],
  "by_boards": {
    "3": [
      {
        "代码": "600992",
        "名称": "贵绳股份",
        "涨停原因": "商业航天+钢丝绳+贵州国资",
        "连板数": 3,
        "晋级概率": 0.4153611787292111,
        "封单占比": "162.5%",
        "大单封板": "强封",
        "弱转强": "否",
        "涨跌幅": "10.05%",
        "最新价": 11.72,
        "换手率": "2.22%",
        "封板资金": "1.04亿",
        "成交额": 63778201,
        "首次封板时间": "092501",
        "炸板次数": 0,
        "所属行业": "通用设备",
        "晋级概率_pct": 41.54,
        "题材簇": "行业:通用设备",
        "类似标的": "-"
      },
      {
        "代码": "003020",
        "名称": "立方制药",
        "涨停原因": "基药目录新增+精麻药+缓控释制剂",
        "连板数": 3,
        "晋级概率": 0.3538261892878465,
        "封单占比": "24.5%",
        "大单封板": "强封",
        "弱转强": "是",
        "涨跌幅": "9.98%",
        "最新价": 20.61,
        "换手率": "9.85%",
        "封板资金": "8296.35万",
        "成交额": 339069040,
        "首次封板时间": "093015",
        "炸板次数": 1,
        "所属行业": "化学制药",
        "晋级概率_pct": 35.38,
        "题材簇": "医药/创新药",
        "类似标的": "同线: 哈药股份、联环药业"
      },
      {
        "代码": "001395",
        "名称": "亚联机械",
        "涨停原因": "中报预增+人造板装备+海外业务",
        "连板数": 3,
        "晋级概率": 0.3276168419331911,
        "封单占比": "1.5%",
        "大单封板": "否",
        "弱转强": "是",
        "涨跌幅": "9.99%",