{
  "trade_date": "20260428",
  "min_boards": 2,
  "hist_pairs": 20,
  "calibration": {
    "lookback_pairs": 14,
    "min_boards": 2,
    "laplace_alpha": 1.0,
    "shrink_to_overall": 0.15,
    "board_rates": {
      "2": 0.2525395866881374,
      "3": 0.38632087465039405,
      "4": 0.40893719806763285,
      "5": 0.3942632850241546,
      "6": 0.3193236714975845,
      "7": 0.16944444444444443
    },
    "overall_ge2_rate": 0.2946859903381642,
    "factor_multipliers": {
      "early_seal": 1.0181,
      "zero_zhaban": 1.0263,
      "heavy_seal": 1.08,
      "big_order_seal": 1.08,
      "weak_to_strong": 0.9749
    },
    "backtest_summary": {
      "source": "15d_empirical_recalibration",
      "trade_days": 15,
      "stock_samples": 207,
      "actual_promotion_rate": 0.2946859903381642,
      "brier_before": 0.2009011882313644,
      "brier_after": 0.19990009947161036,
      "pair_days": [
        "20260427",
        "20260428",
        "20260429",
        "20260430",
        "20260506",
        "20260507",
        "20260508",
        "20260511",
        "20260512",
        "20260513",
        "20260514",
        "20260515",
        "20260518",
        "20260519",
        "20260520"
      ]
    }
  },
  "rates_by_board": {
    "1": {
      "n": 1,
      "total": 107,
      "promoted": 14,
      "rate": 0.1308411214953271
    },
    "2": {
      "n": 2,
      "total": 12,
      "promoted": 3,
      "rate": 0.2525395866881374,
      "calibrated": true
    },
    "3": {
      "n": 3,
      "total": 4,
      "promoted": 2,
      "rate": 0.38632087465039405,
      "calibrated": true
    },
    "4": {
      "n": 4,
      "total": 1,
      "promoted": 1,
      "rate": 0.40893719806763285,
      "calibrated": true
    },
    "5": {
      "n": 5,
      "total": 0,
      "promoted": 0,
      "rate": 0.3942632850241546,
      "calibrated": true
    },
    "6": {
      "n": 6,
      "total": 0,
      "promoted": 0,
      "rate": 0.3193236714975845,
      "calibrated": true
    },
    "7": {
      "n": 7,
      "total": 0,
      "promoted": 0,
      "rate": 0.16944444444444443,
      "calibrated": true
    }
  },
  "stocks": [
    {
      "代码": "603318",
      "名称": "水发燃气",
      "连板数": 5,
      "晋级概率": 0.3913243242759662,
      "大单封板": "否",
      "弱转强": "是",
      "涨跌幅": "9.98%",
      "最新价": 13.78,
      "换手率": "30.68%",
      "封板资金": "8156.15万",
      "首次封板时间": "093103",
      "炸板次数": 3,
      "所属行业": "燃气Ⅱ",
      "晋级概率_pct": 39.13,
      "涨停原因": "氦气+燃气轮机掺氢+山东国资",
      "封单占比": "4.3%"
    },
    {
      "代码": "600726",
      "名称": "华电能源",
      "连板数": 4,
      "晋级概率": 0.39867287439613525,
      "大单封板": "否",
      "弱转强": "是",
      "涨跌幅": "10.03%",
      "最新价": 7.02,
      "换手率": "7.54%",
      "封板资金": "1.04亿",
      "首次封板时间": "141023",
      "炸板次数": 1,
      "所属行业": "电力",
      "晋级概率_pct": 39.87,
      "涨停原因": "绿电转型+热电联产+央企",
      "封单占比": "2.8%"
    },
    {
      "代码": "600152",
      "名称": "维科技术",
      "连板数": 3,
      "晋级概率": 0.40365742181083136,
      "大单封板": "否",
      "弱转强": "否",
      "涨跌幅": "10.03%",
      "最新价": 15.69,
      "换手率": "14.28%",
      "封板资金": "1.06亿",
      "首次封板时间": "094037",
      "炸板次数": 0,
      "所属行业": "电池",
      "晋级概率_pct": 40.37,
      "涨停原因": "钠电储能+3C电池龙头+高倍率电池扩产",
      "封单占比": "9.2%"
    },
    {
      "代码": "002902",
      "名称": "铭普光磁",
      "连板数": 2,
      "晋级概率": 0.2849823656170652,
      "大单封板": "是",
      "弱转强": "否",
      "涨跌幅": "10.00%",
      "最新价": 31.47,
      "换手率": "18.23%",
      "封板资金": "1.58亿",
      "首次封板时间": "093542",
      "炸板次数": 0,
      "所属行业": "通信设备",
      "晋级概率_pct": 28.5,
      "涨停原因": "AI算力+800G光模块+磁性元器件+新能源车载",
      "封单占比": "15.9%"
    },
    {
      "代码": "002210",
      "名称": "飞马国际",
      "连板数": 2,
      "晋级概率": 0.2849823656170652,
      "大单封板": "强封",
      "弱转强": "否",
      "涨跌幅": "9.85%",
      "最新价": 3.01,
      "换手率": "6.38%",
      "封板资金": "2.28亿",
      "首次封板时间": "094233",
      "炸板次数": 0,
      "所属行业": "环境治理",
      "晋级概率_pct": 28.5,
      "涨停原因": "一季度扭亏+固废处理+黄金供应链",
      "封单占比": "46.3%"
    },
    {
      "代码": "603272",
      "名称": "联翔股份",
      "连板数": 2,
      "晋级概率": 0.26387256075654186,
      "大单封板": "否",
      "弱转强": "否",
      "涨跌幅": "-100.00%",
      "最新价": 0.0,
      "换手率": "0.00%",
      "封板资金": "0",
      "首次封板时间": "000000",
      "炸板次数": 0,
      "所属行业": "家居用品",
      "晋级概率_pct": 26.39,
      "涨停原因": "-"
    },
    {
      "代码": "603095",
      "名称": "越剑智能",
      "连板数": 2,
      "晋级概率": 0.2849823656170652,
      "大单封板": "是",
      "弱转强": "否",
      "涨跌幅": "10.03%",
      "最新价": 20.96,
      "换手率": "3.23%",
      "封板资金": "2630.63万",
      "首次封板时间": "093246",
      "炸板次数": 0,
      "所属行业": "专用设备",
      "晋级概率_pct": 28.5,
      "涨停原因": "AI验布机+高端装备+提质增效",
      "封单占比": "15.3%"
    },
    {
      "代码": "000593",
      "名称": "德龙汇能",
      "连板数": 2,
      "晋级概率": 0.2591813778180354,
      "大单封板": "否",
      "弱转强": "否",
      "涨跌幅": "9.99%",
      "最新价": 25.44,
      "换手率": "14.89%",
      "封板资金": "8439.69万",
      "首次封板时间": "112051",
      "炸板次数": 0,
      "所属行业": "燃气Ⅱ",
      "晋级概率_pct": 25.92,
      "涨停原因": "实控人变更+燃气+氢能+网红游资持仓",
      "封单占比": "6.4%"
    },
    {
      "代码": "002175",
      "名称": "东方智造",
      "连板数": 2,
      "晋级概率": 0.25065707832169215,
      "大单封板": "否",
      "弱转强": "是",
      "涨跌幅": "9.89%",
      "最新价": 2.89,
      "换手率": "9.49%",
      "封板资金": "2454.97万",
      "首次封板时间": "093124",
      "炸板次数": 6,
      "所属行业": "通用设备",
      "晋级概率_pct": 25.07,
      "涨停原因": "广西国资拟入主+智能物流+*ST博弈",
      "封单占比": "7.1%"
    },
    {
      "代码": "605289",
      "名称": "罗曼股份",
      "连板数": 2,
      "晋级概率": 0.25065707832169215,
      "大单封板": "否",
      "弱转强": "是",
      "涨跌幅": "10.00%",
      "最新价": 156.52,
      "换手率": "8.15%",
      "封板资金": "3832.39万",
      "首次封板时间": "093616",
      "炸板次数": 6,
      "所属行业": "专业工程",
      "晋级概率_pct": 25.07,
      "涨停原因": "一季报大增+AI算力+储能",
      "封单占比": "2.8%"
    },
    {
      "代码": "605287",
      "名称": "德才股份",
      "连板数": 2,
      "晋级概率": 0.25065707832169215,
      "大单封板": "否",
      "弱转强": "是",
      "涨跌幅": "10.00%",
      "最新价": 54.21,
      "换手率": "11.13%",
      "封板资金": "750.05万",
      "首次封板时间": "093714",
      "炸板次数": 12,
      "所属行业": "装修装饰",
      "晋级概率_pct": 25.07,
      "涨停原因": "AI漫剧+城市更新+扭亏为盈",
      "封单占比": "0.9%"
    },
    {
      "代码": "603931",
      "名称": "格林达",
      "连板数": 2,
      "晋级概率": 0.25065707832169215,
      "大单封板": "否",
      "弱转强": "是",
      "涨跌幅": "10.01%",
      "最新价": 37.92,
      "换手率": "9.29%",
      "封板资金": "6423.66万",
      "首次封板时间": "094331",
      "炸板次数": 2,
      "所属行业": "电子化学",
      "晋级概率_pct": 25.07,
      "涨停原因": "半导体材料+光刻胶+显影液国产替代+客户拓展",
      "封单占比": "9.3%"
    }
  ],
  "by_boards": {
    "5": [
      {
        "代码": "603318",
        "名称": "水发燃气",
        "连板数": 5,
        "晋级概率": 0.3913243242759662,
        "大单封板": "否",
        "弱转强": "是",
        "涨跌幅": "9.98%",
        "最新价": 13.78,
        "换手率": "30.68%",
        "封板资金": "8156.15万",
        "首次封板时间": "093103",
        "炸板次数": 3,
        "所属行业": "燃气Ⅱ",
        "晋级概率_pct": 39.13,
        "涨停原因": "氦气+燃气轮机掺氢+山东国资",
        "封单占比": "4.3%"
      }
    ],
    "4": [
      {
        "代码": "600726",
        "名称": "华电能源",
        "连板数": 4,
        "晋级概率": 0.39867287439613525,
        "大单封板": "否",
        "弱转强": "是",
        "涨跌幅": "10.03%",
        "最新价": 7.02,
        "换手率": "7.54%",
        "封板资金": "1.04亿",
        "首次封板时间": "141023",
        "炸板次数": 1,
        "所属行业": "电力",
        "晋级概率_pct": 39.87,
        "涨停原因": "绿电转型+热电联产+央企",
        "封单占比": "2.8%"
      }
    ],
    "3": [
      {
        "代码": "600152",
        "名称": "维科技术",
        "连板数": 3,
        "晋级概率": 0.40365742181083136,
        "大单封板": "否",
        "弱转强": "否",
        "涨跌幅": "10.03%",
        "最新价": 15.69,
        "换手率": "14.28%",
        "封板资金": "1.06亿",
        "首次封板时间": "094037",
        "炸板次数": 0,
        "所属行业": "电池",
        "晋级概率_pct": 40.37,
        "涨停原因": "钠电储能+3C电池龙头+高倍率电池扩产",
        "封单占比": "9.2%"
      }
    ],
    "2": [
      {
        "代码": "002902",