{
  "trade_date": "20260708",
  "min_boards": 2,
  "hist_pairs": 20,
  "calibration": {
    "lookback_pairs": 38,
    "min_boards": 2,
    "laplace_alpha": 1.0,
    "shrink_to_overall": 0.15,
    "board_rates": {
      "2": 0.2669583118888317,
      "3": 0.3518479033404406,
      "4": 0.2572330654420207,
      "5": 0.3152985074626865,
      "6": 0.1630597014925373
    },
    "overall_ge2_rate": 0.2835820895522388,
    "factor_multipliers": {
      "early_seal": 1.0121,
      "zero_zhaban": 1.08,
      "heavy_seal": 1.08,
      "big_order_seal": 0.9866,
      "weak_to_strong": 0.92
    },
    "backtest_summary": {
      "source": "15d_empirical_recalibration",
      "trade_days": 39,
      "stock_samples": 201,
      "actual_promotion_rate": 0.2835820895522388,
      "brier_before": 0.1963420939422876,
      "brier_after": 0.19472540728577367,
      "pair_days": [
        "20260427",
        "20260428",
        "20260429",
        "20260430",
        "20260506",
        "20260507",
        "20260508",
        "20260511",
        "20260512",
        "20260513",
        "20260514",
        "20260515",
        "20260518",
        "20260519",
        "20260520",
        "20260521",
        "20260522",
        "20260525",
        "20260526",
        "20260527",
        "20260528",
        "20260529",
        "20260601",
        "20260602",
        "20260603",
        "20260604",
        "20260605",
        "20260608",
        "20260609",
        "20260610",
        "20260611",
        "20260612",
        "20260615",
        "20260616",
        "20260617",
        "20260618",
        "20260622",
        "20260623",
        "20260624"
      ]
    }
  },
  "rates_by_board": {
    "1": {
      "n": 1,
      "total": 801,
      "promoted": 102,
      "rate": 0.12734082397003746
    },
    "2": {
      "n": 2,
      "total": 106,
      "promoted": 14,
      "rate": 0.2669583118888317,
      "calibrated": true
    },
    "3": {
      "n": 3,
      "total": 15,
      "promoted": 4,
      "rate": 0.3518479033404406,
      "calibrated": true
    },
    "4": {
      "n": 4,
      "total": 7,
      "promoted": 3,
      "rate": 0.2572330654420207,
      "calibrated": true
    },
    "5": {
      "n": 5,
      "total": 3,
      "promoted": 2,
      "rate": 0.3152985074626865,
      "calibrated": true
    },
    "6": {
      "n": 6,
      "total": 2,
      "promoted": 1,
      "rate": 0.1630597014925373,
      "calibrated": true
    }
  },
  "stocks": [
    {
      "代码": "603137",
      "名称": "恒尚节能",
      "涨停原因": "拟收购存储公司+建筑幕墙+跨界转型",
      "连板数": 7,
      "晋级概率": 0.15183010597014923,
      "封单占比": "4.4%",
      "大单封板": "否",
      "弱转强": "是",
      "涨跌幅": "9.99%",
      "最新价": 22.91,
      "换手率": "25.54%",
      "封板资金": "4743.62万",
      "成交额": 1070203840,
      "首次封板时间": "092503",
      "炸板次数": 1,
      "所属行业": "装修装饰",
      "晋级概率_pct": 15.18,
      "题材簇": "行业:装修装饰",
      "类似标的": "-"
    },
    {
      "代码": "600288",
      "名称": "大恒科技",
      "涨停原因": "机器视觉+半导体+机器人",
      "连板数": 3,
      "晋级概率": 0.32370007107320536,
      "封单占比": "3.0%",
      "大单封板": "否",
      "弱转强": "是",
      "涨跌幅": "10.03%",
      "最新价": 17.11,
      "换手率": "27.93%",
      "封板资金": "5931.84万",
      "成交额": 1953207104,
      "首次封板时间": "111620",
      "炸板次数": 2,
      "所属行业": "软件开发",
      "晋级概率_pct": 32.37,
      "题材簇": "磷化铟/半导体材料",
      "类似标的": "同线: 威尔高 | 似近月龙头: 旭光电子"
    },
    {
      "代码": "001229",
      "名称": "魅视科技",
      "涨停原因": "AI视觉+边缘计算+光纤KVMS+商业航天",
      "连板数": 2,
      "晋级概率": 0.3151478751044776,
      "封单占比": "166.8%",
      "大单封板": "强封",
      "弱转强": "否",
      "涨跌幅": "9.99%",
      "最新价": 42.7,
      "换手率": "1.53%",
      "封板资金": "8046.87万",
      "成交额": 48254672,
      "首次封板时间": "092500",
      "炸板次数": 0,
      "所属行业": "计算机设",
      "晋级概率_pct": 31.51,
      "题材簇": "光纤/四氯化硅",
      "类似标的": "同线: 金时科技 | 似近月龙头: 三孚股份、宏柏新材"
    },
    {
      "代码": "600094",
      "名称": "大名城",
      "涨停原因": "算力运营+6G通信+低空经济+地产转型",
      "连板数": 2,
      "晋级概率": 0.3151478751044776,
      "封单占比": "95.9%",
      "大单封板": "强封",
      "弱转强": "否",
      "涨跌幅": "9.90%",
      "最新价": 4.22,
      "换手率": "0.83%",
      "封板资金": "7140.40万",
      "成交额": 74426775,
      "首次封板时间": "093055",
      "炸板次数": 0,
      "所属行业": "房地产开",
      "晋级概率_pct": 31.51,
      "题材簇": "地产/城开",
      "类似标的": "-"
    },
    {
      "代码": "002951",
      "名称": "金时科技",
      "涨停原因": "超级电容+间接投资光纤公司+投建多孔炭产线+储能",
      "连板数": 2,
      "晋级概率": 0.28831497683993823,
      "封单占比": "10.8%",
      "大单封板": "否",
      "弱转强": "否",
      "涨跌幅": "9.97%",
      "最新价": 16.32,
      "换手率": "6.68%",
      "封板资金": "4380.12万",
      "成交额": 407389280,
      "首次封板时间": "134903",
      "炸板次数": 0,
      "所属行业": "其他电源",
      "晋级概率_pct": 28.83,
      "题材簇": "光纤/四氯化硅",
      "类似标的": "同线: 魅视科技 | 似近月龙头: 三孚股份、宏柏新材"
    },
    {
      "代码": "001365",
      "名称": "天海电子",
      "涨停原因": "人形机器人+汽车线束龙头+广州国资",
      "连板数": 2,
      "晋级概率": 0.28445155615028306,
      "封单占比": "13.5%",
      "大单封板": "是",
      "弱转强": "否",
      "涨跌幅": "10.01%",
      "最新价": 47.81,
      "换手率": "36.69%",
      "封板资金": "1.31亿",
      "成交额": 973310976,
      "首次封板时间": "130724",
      "炸板次数": 0,
      "所属行业": "汽车零部",
      "晋级概率_pct": 28.45,
      "题材簇": "AI/算力/机器人",
      "类似标的": "同线: 视源股份 | 似近月龙头: 天娱数科"
    },
    {
      "代码": "301251",
      "名称": "威尔高",
      "涨停原因": "AI电源PCB+DC/DC订单+产能释放",
      "连板数": 2,
      "晋级概率": 0.24857342686567163,
      "封单占比": "0.2%",
      "大单封板": "否",
      "弱转强": "是",
      "涨跌幅": "19.99%",
      "最新价": 60.92,
      "换手率": "29.61%",
      "封板资金": "243.56万",
      "成交额": 1354131072,
      "首次封板时间": "093033",
      "炸板次数": 9,
      "所属行业": "元件",
      "晋级概率_pct": 24.86,
      "题材簇": "磷化铟/半导体材料",
      "类似标的": "同线: 大恒科技 | 似近月龙头: 旭光电子"
    },
    {
      "代码": "002841",
      "名称": "视源股份",
      "涨停原因": "中报预增+AI教育+机器人",
      "连板数": 2,
      "晋级概率": 0.24857342686567163,
      "封单占比": "2.6%",
      "大单封板": "否",
      "弱转强": "是",
      "涨跌幅": "10.00%",
      "最新价": 47.39,
      "换手率": "5.53%",
      "封板资金": "3468.62万",
      "成交额": 1348194672,
      "首次封板时间": "093424",
      "炸板次数": 2,
      "所属行业": "消费电子",
      "晋级概率_pct": 24.86,
      "题材簇": "AI/算力/机器人",
      "类似标的": "同线: 天海电子 | 似近月龙头: 天娱数科"
    }
  ],
  "by_boards": {
    "7": [
      {
        "代码": "603137",
        "名称": "恒尚节能",
        "涨停原因": "拟收购存储公司+建筑幕墙+跨界转型",
        "连板数": 7,
        "晋级概率": 0.15183010597014923,
        "封单占比": "4.4%",
        "大单封板": "否",
        "弱转强": "是",
        "涨跌幅": "9.99%",
        "最新价": 22.91,
        "换手率": "25.54%",
        "封板资金": "4743.62万",
        "成交额": 1070203840,
        "首次封板时间": "092503",
        "炸板次数": 1,
        "所属行业": "装修装饰",
        "晋级概率_pct": 15.18,
        "题材簇": "行业:装修装饰",
        "类似标的": "-"
      }
    ],
    "3": [
      {
        "代码": "600288",
        "名称": "大恒科技",
        "涨停原因": "机器视觉+半导体+机器人",
        "连板数": 3,
        "晋级概率": 0.32370007107320536,
        "封单占比": "3.0%",
        "大单封板": "否",
        "弱转强": "是",
        "涨跌幅": "10.03%",
        "最新价": 17.11,
        "换手率": "27.93%",
        "封板资金": "5931.84万",
        "成交额": 1953207104,
        "首次封板时间": "111620",
        "炸板次数": 2,
        "所属行业": "软件开发",
        "晋级概率_pct": 32.37,
        "题材簇": "磷化铟/半导体材料",
        "类似标的": "同线: 威尔高 | 似近月龙头: 旭光电子"
      }
    ],
    "2": [
      {
        "代码": "001229",
        "名称": "魅视科技",
        "涨停原因": "AI视觉+边缘计算+光纤KVMS+商业航天",
        "连板数": 2,
        "晋级概率": 0.3151478751044776,
        "封单占比": "166.8%",
        "大单封板": "强封",
        "弱转强": "否",
        "涨跌幅": "9.99%",
        "最新价": 42.7,
        "换手率": "1.53%",
        "封板资金": "8046.87万",
        "成交额": 48254672,
        "首次封板时间": "092500",
        "炸板次数": 0,
        "所属行业": "计算机设",
        "晋级概率_pct": 31.51,
        "题材簇": "光纤/四氯化硅",
        "类似标的": "同线: 金时科技 | 似近月龙头: 三孚股份、宏柏新材"
      },
      {
        "代码": "600094",
        "名称": "大名城",
        "涨停原因": "算力运营+6G通信+低空经济+地产转型",
        "连板数": 2,
        "晋级概率": 0.3151478751044776,
        "封单占比": "95.9%",
        "大单封板": "强封",
        "弱转强": "否",