{
  "trade_date": "20260520",
  "min_boards": 2,
  "hist_pairs": 20,
  "calibration": {
    "lookback_pairs": 17,
    "min_boards": 2,
    "laplace_alpha": 1.0,
    "shrink_to_overall": 0.15,
    "board_rates": {
      "2": 0.26273416082851053,
      "3": 0.3438921282798834,
      "4": 0.36020408163265305,
      "5": 0.5674198250728862,
      "6": 0.43632653061224486,
      "7": 0.4137755102040816,
      "8": 0.17308673469387753
    },
    "overall_ge2_rate": 0.3010204081632653,
    "factor_multipliers": {
      "early_seal": 1.0327,
      "zero_zhaban": 1.0501,
      "heavy_seal": 1.08,
      "big_order_seal": 1.08,
      "weak_to_strong": 0.9548
    },
    "backtest_summary": {
      "source": "15d_empirical_recalibration",
      "trade_days": 18,
      "stock_samples": 196,
      "actual_promotion_rate": 0.3010204081632653,
      "brier_before": 0.203084326411512,
      "brier_after": 0.19912267469074235,
      "pair_days": [
        "20260427",
        "20260428",
        "20260429",
        "20260430",
        "20260506",
        "20260507",
        "20260508",
        "20260511",
        "20260512",
        "20260513",
        "20260514",
        "20260515",
        "20260518",
        "20260519",
        "20260520",
        "20260521",
        "20260525",
        "20260526"
      ]
    }
  },
  "rates_by_board": {
    "1": {
      "n": 1,
      "total": 689,
      "promoted": 96,
      "rate": 0.13933236574746008
    },
    "2": {
      "n": 2,
      "total": 105,
      "promoted": 30,
      "rate": 0.26273416082851053,
      "calibrated": true
    },
    "3": {
      "n": 3,
      "total": 29,
      "promoted": 11,
      "rate": 0.3438921282798834,
      "calibrated": true
    },
    "4": {
      "n": 4,
      "total": 13,
      "promoted": 6,
      "rate": 0.36020408163265305,
      "calibrated": true
    },
    "5": {
      "n": 5,
      "total": 6,
      "promoted": 4,
      "rate": 0.5674198250728862,
      "calibrated": true
    },
    "6": {
      "n": 6,
      "total": 3,
      "promoted": 1,
      "rate": 0.43632653061224486,
      "calibrated": true
    },
    "7": {
      "n": 7,
      "total": 1,
      "promoted": 1,
      "rate": 0.4137755102040816,
      "calibrated": true
    },
    "8": {
      "n": 8,
      "total": 0,
      "promoted": 0,
      "rate": 0.17308673469387753,
      "calibrated": true
    }
  },
  "stocks": [
    {
      "代码": "001259",
      "名称": "利仁科技",
      "连板数": 8,
      "晋级概率": 0.1817583801020408,
      "大单封板": "否",
      "弱转强": "否",
      "涨跌幅": "10.00%",
      "最新价": 80.53,
      "换手率": "20.79%",
      "封板资金": "1873.68万",
      "首次封板时间": "144436",
      "炸板次数": 0,
      "所属行业": "小家电",
      "晋级概率_pct": 18.18,
      "涨停原因": "股份转让+小家电",
      "封单占比": "2.5%"
    },
    {
      "代码": "603779",
      "名称": "威龙股份",
      "连板数": 6,
      "晋级概率": 0.5110227230532245,
      "大单封板": "强封",
      "弱转强": "否",
      "涨跌幅": "10.00%",
      "最新价": 13.2,
      "换手率": "1.54%",
      "封板资金": "5.51亿",
      "首次封板时间": "092501",
      "炸板次数": 0,
      "所属行业": "非白酒",
      "晋级概率_pct": 51.1,
      "涨停原因": "淄博国资入主+葡萄酒+白兰地",
      "封单占比": "818.4%"
    },
    {
      "代码": "002421",
      "名称": "达实智能",
      "连板数": 4,
      "晋级概率": 0.35516913457142857,
      "大单封板": "否",
      "弱转强": "是",
      "涨跌幅": "10.05%",
      "最新价": 4.27,
      "换手率": "26.13%",
      "封板资金": "1.30亿",
      "首次封板时间": "092500",
      "炸板次数": 8,
      "所属行业": "IT服务Ⅱ",
      "晋级概率_pct": 35.52,
      "涨停原因": "液冷服务器+AIoT平台+机器人概念+AI应用",
      "封单占比": "5.8%"
    },
    {
      "代码": "603938",
      "名称": "三孚股份",
      "连板数": 3,
      "晋级概率": 0.40276416743113125,
      "大单封板": "强封",
      "弱转强": "否",
      "涨跌幅": "10.01%",
      "最新价": 53.76,
      "换手率": "2.08%",
      "封板资金": "1.48亿",
      "首次封板时间": "093108",
      "炸板次数": 0,
      "所属行业": "化学原料",
      "晋级概率_pct": 40.28,
      "涨停原因": "存储上游+光纤材料+硅产品",
      "封单占比": "35.2%"
    },
    {
      "代码": "000417",
      "名称": "合百集团",
      "连板数": 3,
      "晋级概率": 0.40276416743113125,
      "大单封板": "强封",
      "弱转强": "否",
      "涨跌幅": "10.05%",
      "最新价": 9.53,
      "换手率": "12.56%",
      "封板资金": "2.82亿",
      "首次封板时间": "093118",
      "炸板次数": 0,
      "所属行业": "一般零售",
      "晋级概率_pct": 40.28,
      "涨停原因": "间接投资长鑫科技+合肥国资+零售+农批",
      "封单占比": "30.6%"
    },
    {
      "代码": "002272",
      "名称": "川润股份",
      "连板数": 3,
      "晋级概率": 0.33908519035510204,
      "大单封板": "否",
      "弱转强": "是",
      "涨跌幅": "10.01%",
      "最新价": 24.94,
      "换手率": "14.89%",
      "封板资金": "1.30亿",
      "首次封板时间": "092500",
      "炸板次数": 2,
      "所属行业": "通用设备",
      "晋级概率_pct": 33.91,
      "涨停原因": "液冷服务器+机器人+定增扩产",
      "封单占比": "8.7%"
    },
    {
      "代码": "603316",
      "名称": "诚邦股份",
      "连板数": 3,
      "晋级概率": 0.33908519035510204,
      "大单封板": "否",
      "弱转强": "是",
      "涨跌幅": "9.99%",
      "最新价": 24.77,
      "换手率": "5.53%",
      "封板资金": "4155.79万",
      "首次封板时间": "093118",
      "炸板次数": 1,
      "所属行业": "基础建设",
      "晋级概率_pct": 33.91,
      "涨停原因": "存储芯片+定增扩产+业绩暴增",
      "封单占比": "11.6%"
    },
    {
      "代码": "600563",
      "名称": "法拉电子",
      "连板数": 2,
      "晋级概率": 0.2797865843966098,
      "大单封板": "是",
      "弱转强": "是",
      "涨跌幅": "10.00%",
      "最新价": 162.36,
      "换手率": "3.44%",
      "封板资金": "1.92亿",
      "首次封板时间": "093344",
      "炸板次数": 2,
      "所属行业": "元件",
      "晋级概率_pct": 27.98,
      "涨停原因": "薄膜电容器+AI硬件+机器人+新能源",
      "封单占比": "15.5%"
    },
    {
      "代码": "002782",
      "名称": "可立克",
      "连板数": 2,
      "晋级概率": 0.25906165221908317,
      "大单封板": "否",
      "弱转强": "是",
      "涨跌幅": "10.00%",
      "最新价": 30.35,
      "换手率": "8.79%",
      "封板资金": "4557.51万",
      "首次封板时间": "093709",
      "炸板次数": 2,
      "所属行业": "其他电子",
      "晋级概率_pct": 25.91,
      "涨停原因": "电源产品+SST高频变压器+机器人+墨西哥扩产",
      "封单占比": "3.6%"
    },
    {
      "代码": "605288",
      "名称": "凯迪股份",
      "连板数": 2,
      "晋级概率": 0.25085857675906187,
      "大单封板": "否",
      "弱转强": "是",
      "涨跌幅": "10.00%",
      "最新价": 104.61,
      "换手率": "6.87%",
      "封板资金": "1777.85万",
      "首次封板时间": "142337",
      "炸板次数": 3,
      "所属行业": "自动化设",
      "晋级概率_pct": 25.09,
      "涨停原因": "机器人+线性驱动+智能家居",
      "封单占比": "3.7%"
    }
  ],
  "by_boards": {
    "8": [
      {
        "代码": "001259",
        "名称": "利仁科技",
        "连板数": 8,
        "晋级概率": 0.1817583801020408,
        "大单封板": "否",
        "弱转强": "否",
        "涨跌幅": "10.00%",
        "最新价": 80.53,
        "换手率": "20.79%",
        "封板资金": "1873.68万",
        "首次封板时间": "144436",
        "炸板次数": 0,
        "所属行业": "小家电",
        "晋级概率_pct": 18.18,
        "涨停原因": "股份转让+小家电",
        "封单占比": "2.5%"
      }
    ],
    "6": [
      {
        "代码": "603779",
        "名称": "威龙股份",
        "连板数": 6,
        "晋级概率": 0.5110227230532245,
        "大单封板": "强封",
        "弱转强": "否",
        "涨跌幅": "10.00%",
        "最新价": 13.2,
        "换手率": "1.54%",
        "封板资金": "5.51亿",
        "首次封板时间": "092501",
        "炸板次数": 0,
        "所属行业": "非白酒",
        "晋级概率_pct": 51.1,
        "涨停原因": "淄博国资入主+葡萄酒+白兰地",
        "封单占比": "818.4%"
      }
    ],
    "4": [
      {
        "代码": "002421",
        "名称": "达实智能",
        "连板数": 4,
        "晋级概率": 0.35516913457142857,
        "大单封板": "否",
        "弱转强": "是",
        "涨跌幅": "10.05%",
        "最新价": 4.27,
        "换手率": "26.13%",
        "封板资金": "1.30亿",
        "首次封板时间": "092500",
        "炸板次数": 8,
        "所属行业": "IT服务Ⅱ",
        "晋级概率_pct": 35.52,
        "涨停原因": "液冷服务器+AIoT平台+机器人概念+AI应用",
        "封单占比": "5.8%"
      }
    ],
    "3": [
      {
        "代码": "603938",
        "名称": "三孚股份",
        "连板数": 3,
        "晋级概率": 0.40276416743113125,
        "大单封板": "强封",
        "弱转强": "否",
        "涨跌幅": "10.01%",
        "最新价": 53.76,
        "换手率": "2.08%",
        "封板资金": "1.48亿",
        "首次封板时间": "093108",
        "炸板次数": 0,
        "所属行业": "化学原料",
        "晋级概率_pct": 40.28,
        "涨停原因": "存储上游+光纤材料+硅产品",
        "封单占比": "35.2%"
      },
      {
        "代码": "000417",
        "名称": "合百集团",
        "连板数": 3,
        "晋级概率": 0.40276416743113125,