{
  "trade_date": "20260515",
  "min_boards": 2,
  "hist_pairs": 20,
  "calibration": {
    "lookback_pairs": 17,
    "min_boards": 2,
    "laplace_alpha": 1.0,
    "shrink_to_overall": 0.15,
    "board_rates": {
      "2": 0.26273416082851053,
      "3": 0.3438921282798834,
      "4": 0.36020408163265305,
      "5": 0.5674198250728862,
      "6": 0.43632653061224486,
      "7": 0.4137755102040816,
      "8": 0.17308673469387753
    },
    "overall_ge2_rate": 0.3010204081632653,
    "factor_multipliers": {
      "early_seal": 1.0327,
      "zero_zhaban": 1.0501,
      "heavy_seal": 1.08,
      "big_order_seal": 1.08,
      "weak_to_strong": 0.9548
    },
    "backtest_summary": {
      "source": "15d_empirical_recalibration",
      "trade_days": 18,
      "stock_samples": 196,
      "actual_promotion_rate": 0.3010204081632653,
      "brier_before": 0.203084326411512,
      "brier_after": 0.19912267469074235,
      "pair_days": [
        "20260427",
        "20260428",
        "20260429",
        "20260430",
        "20260506",
        "20260507",
        "20260508",
        "20260511",
        "20260512",
        "20260513",
        "20260514",
        "20260515",
        "20260518",
        "20260519",
        "20260520",
        "20260521",
        "20260525",
        "20260526"
      ]
    }
  },
  "rates_by_board": {
    "1": {
      "n": 1,
      "total": 497,
      "promoted": 75,
      "rate": 0.15090543259557343
    },
    "2": {
      "n": 2,
      "total": 84,
      "promoted": 23,
      "rate": 0.26273416082851053,
      "calibrated": true
    },
    "3": {
      "n": 3,
      "total": 24,
      "promoted": 7,
      "rate": 0.3438921282798834,
      "calibrated": true
    },
    "4": {
      "n": 4,
      "total": 10,
      "promoted": 5,
      "rate": 0.36020408163265305,
      "calibrated": true
    },
    "5": {
      "n": 5,
      "total": 4,
      "promoted": 2,
      "rate": 0.5674198250728862,
      "calibrated": true
    },
    "6": {
      "n": 6,
      "total": 1,
      "promoted": 0,
      "rate": 0.43632653061224486,
      "calibrated": true
    },
    "7": {
      "n": 7,
      "total": 0,
      "promoted": 0,
      "rate": 0.4137755102040816,
      "calibrated": true
    },
    "8": {
      "n": 8,
      "total": 0,
      "promoted": 0,
      "rate": 0.17308673469387753,
      "calibrated": true
    }
  },
  "stocks": [
    {
      "代码": "002918",
      "名称": "蒙娜丽莎",
      "连板数": 6,
      "晋级概率": 0.43022754091428567,
      "大单封板": "否",
      "弱转强": "是",
      "涨跌幅": "9.98%",
      "最新价": 18.63,
      "换手率": "22.26%",
      "封板资金": "6297.11万",
      "首次封板时间": "093000",
      "炸板次数": 3,
      "所属行业": "家居用品",
      "晋级概率_pct": 43.02,
      "涨停原因": "先进陶瓷+建筑陶瓷+地产链",
      "封单占比": "7.1%"
    },
    {
      "代码": "001259",
      "名称": "利仁科技",
      "连板数": 5,
      "晋级概率": 0.6645583153430029,
      "大单封板": "强封",
      "弱转强": "否",
      "涨跌幅": "10.00%",
      "最新价": 60.5,
      "换手率": "1.20%",
      "封板资金": "2.81亿",
      "首次封板时间": "092500",
      "炸板次数": 0,
      "所属行业": "小家电",
      "晋级概率_pct": 66.46,
      "涨停原因": "股份转让+小家电+露营经济",
      "封单占比": "817.8%"
    },
    {
      "代码": "603779",
      "名称": "威龙股份",
      "连板数": 3,
      "晋级概率": 0.40276416743113125,
      "大单封板": "强封",
      "弱转强": "否",
      "涨跌幅": "9.98%",
      "最新价": 9.92,
      "换手率": "1.59%",
      "封板资金": "3.68亿",
      "首次封板时间": "092501",
      "炸板次数": 0,
      "所属行业": "非白酒",
      "晋级概率_pct": 40.28,
      "涨停原因": "淄博国资入主+复牌+葡萄酒",
      "封单占比": "700.8%"
    },
    {
      "代码": "600578",
      "名称": "京能电力",
      "连板数": 3,
      "晋级概率": 0.3283482040816327,
      "大单封板": "否",
      "弱转强": "是",
      "涨跌幅": "10.05%",
      "最新价": 7.01,
      "换手率": "6.62%",
      "封板资金": "2380.99万",
      "首次封板时间": "112739",
      "炸板次数": 21,
      "所属行业": "电力",
      "晋级概率_pct": 32.83,
      "涨停原因": "风光火储+绿电转型+北京国资",
      "封单占比": "0.8%"
    },
    {
      "代码": "603082",
      "名称": "北自科技",
      "连板数": 2,
      "晋级概率": 0.2797865843966098,
      "大单封板": "是",
      "弱转强": "是",
      "涨跌幅": "10.01%",
      "最新价": 42.3,
      "换手率": "31.63%",
      "封板资金": "7147.43万",
      "首次封板时间": "095102",
      "炸板次数": 1,
      "所属行业": "自动化设",
      "晋级概率_pct": 27.98,
      "涨停原因": "人形机器人+智能物流+拟收购穗柯智能+央企",
      "封单占比": "13.5%"
    },
    {
      "代码": "002971",
      "名称": "和远气体",
      "连板数": 2,
      "晋级概率": 0.25085857675906187,
      "大单封板": "否",
      "弱转强": "是",
      "涨跌幅": "10.01%",
      "最新价": 41.21,
      "换手率": "20.44%",
      "封板资金": "5116.51万",
      "首次封板时间": "144403",
      "炸板次数": 1,
      "所属行业": "化学制品",
      "晋级概率_pct": 25.09,
      "涨停原因": "电子特气+硅基新材料",
      "封单占比": "4.3%"
    }
  ],
  "by_boards": {
    "6": [
      {
        "代码": "002918",
        "名称": "蒙娜丽莎",
        "连板数": 6,
        "晋级概率": 0.43022754091428567,
        "大单封板": "否",
        "弱转强": "是",
        "涨跌幅": "9.98%",
        "最新价": 18.63,
        "换手率": "22.26%",
        "封板资金": "6297.11万",
        "首次封板时间": "093000",
        "炸板次数": 3,
        "所属行业": "家居用品",
        "晋级概率_pct": 43.02,
        "涨停原因": "先进陶瓷+建筑陶瓷+地产链",
        "封单占比": "7.1%"
      }
    ],
    "5": [
      {
        "代码": "001259",
        "名称": "利仁科技",
        "连板数": 5,
        "晋级概率": 0.6645583153430029,
        "大单封板": "强封",
        "弱转强": "否",
        "涨跌幅": "10.00%",
        "最新价": 60.5,
        "换手率": "1.20%",
        "封板资金": "2.81亿",
        "首次封板时间": "092500",
        "炸板次数": 0,
        "所属行业": "小家电",
        "晋级概率_pct": 66.46,
        "涨停原因": "股份转让+小家电+露营经济",
        "封单占比": "817.8%"
      }
    ],
    "3": [
      {
        "代码": "603779",
        "名称": "威龙股份",
        "连板数": 3,
        "晋级概率": 0.40276416743113125,
        "大单封板": "强封",
        "弱转强": "否",
        "涨跌幅": "9.98%",
        "最新价": 9.92,
        "换手率": "1.59%",
        "封板资金": "3.68亿",
        "首次封板时间": "092501",
        "炸板次数": 0,
        "所属行业": "非白酒",
        "晋级概率_pct": 40.28,
        "涨停原因": "淄博国资入主+复牌+葡萄酒",
        "封单占比": "700.8%"
      },
      {
        "代码": "600578",
        "名称": "京能电力",
        "连板数": 3,
        "晋级概率": 0.3283482040816327,
        "大单封板": "否",
        "弱转强": "是",
        "涨跌幅": "10.05%",
        "最新价": 7.01,
        "换手率": "6.62%",
        "封板资金": "2380.99万",
        "首次封板时间": "112739",
        "炸板次数": 21,
        "所属行业": "电力",
        "晋级概率_pct": 32.83,
        "涨停原因": "风光火储+绿电转型+北京国资",
        "封单占比": "0.8%"
      }
    ],
    "2": [
      {
        "代码": "603082",
        "名称": "北自科技",
        "连板数": 2,
        "晋级概率": 0.2797865843966098,
        "大单封板": "是",
        "弱转强": "是",
        "涨跌幅": "10.01%",
        "最新价": 42.3,
        "换手率": "31.63%",
        "封板资金": "7147.43万",
        "首次封板时间": "095102",
        "炸板次数": 1,
        "所属行业": "自动化设",
        "晋级概率_pct": 27.98,
        "涨停原因": "人形机器人+智能物流+拟收购穗柯智能+央企",
        "封单占比": "13.5%"
      },
      {
        "代码": "002971",
        "名称": "和远气体",
        "连板数": 2,
        "晋级概率": 0.25085857675906187,
        "大单封板": "否",
        "弱转强": "是",
        "涨跌幅": "10.01%",
        "最新价": 41.21,
        "换手率": "20.44%",
        "封板资金": "5116.51万",
        "首次封板时间": "144403",
        "炸板次数": 1,
        "所属行业": "化学制品",
        "晋级概率_pct": 25.09,
        "涨停原因": "电子特气+硅基新材料",
        "封单占比": "4.3%"
      }
    ]
  }
}