{
  "trade_date": "20260720",
  "min_boards": 2,
  "hist_pairs": 5,
  "calibration": {
    "lookback_pairs": 38,
    "min_boards": 2,
    "laplace_alpha": 1.0,
    "shrink_to_overall": 0.15,
    "board_rates": {
      "2": 0.2669583118888317,
      "3": 0.3518479033404406,
      "4": 0.2572330654420207,
      "5": 0.3152985074626865,
      "6": 0.1630597014925373
    },
    "overall_ge2_rate": 0.2835820895522388,
    "factor_multipliers": {
      "early_seal": 1.0121,
      "zero_zhaban": 1.08,
      "heavy_seal": 1.08,
      "big_order_seal": 0.9866,
      "weak_to_strong": 0.92
    },
    "backtest_summary": {
      "source": "15d_empirical_recalibration",
      "trade_days": 39,
      "stock_samples": 201,
      "actual_promotion_rate": 0.2835820895522388,
      "brier_before": 0.1963420939422876,
      "brier_after": 0.19472540728577367,
      "pair_days": [
        "20260427",
        "20260428",
        "20260429",
        "20260430",
        "20260506",
        "20260507",
        "20260508",
        "20260511",
        "20260512",
        "20260513",
        "20260514",
        "20260515",
        "20260518",
        "20260519",
        "20260520",
        "20260521",
        "20260522",
        "20260525",
        "20260526",
        "20260527",
        "20260528",
        "20260529",
        "20260601",
        "20260602",
        "20260603",
        "20260604",
        "20260605",
        "20260608",
        "20260609",
        "20260610",
        "20260611",
        "20260612",
        "20260615",
        "20260616",
        "20260617",
        "20260618",
        "20260622",
        "20260623",
        "20260624"
      ]
    }
  },
  "rates_by_board": {
    "1": {
      "n": 1,
      "total": 205,
      "promoted": 33,
      "rate": 0.16097560975609757
    },
    "2": {
      "n": 2,
      "total": 33,
      "promoted": 7,
      "rate": 0.2669583118888317,
      "calibrated": true
    },
    "3": {
      "n": 3,
      "total": 10,
      "promoted": 2,
      "rate": 0.3518479033404406,
      "calibrated": true
    },
    "4": {
      "n": 4,
      "total": 2,
      "promoted": 2,
      "rate": 0.2572330654420207,
      "calibrated": true
    },
    "5": {
      "n": 5,
      "total": 1,
      "promoted": 0,
      "rate": 0.3152985074626865,
      "calibrated": true
    },
    "6": {
      "n": 6,
      "total": 0,
      "promoted": 0,
      "rate": 0.1630597014925373,
      "calibrated": true
    }
  },
  "stocks": [
    {
      "代码": "603580",
      "名称": "艾艾精工",
      "涨停原因": "控制权拟变更+复牌+轻型输送带+消费电子",
      "连板数": 5,
      "晋级概率": 0.37221412567164175,
      "封单占比": "207.1%",
      "大单封板": "强封",
      "弱转强": "否",
      "涨跌幅": "10.00%",
      "最新价": 49.41,
      "换手率": "1.66%",
      "封板资金": "2.22亿",
      "成交额": 107065640,
      "首次封板时间": "092503",
      "炸板次数": 0,
      "所属行业": "塑料",
      "晋级概率_pct": 37.22,
      "题材簇": "行业:塑料",
      "类似标的": "-"
    },
    {
      "代码": "001258",
      "名称": "立新能源",
      "涨停原因": "风电光伏+定增获批+半年报预增+新疆国资",
      "连板数": 3,
      "晋级概率": 0.3538261892878465,
      "封单占比": "30.7%",
      "大单封板": "强封",
      "弱转强": "是",
      "涨跌幅": "10.04%",
      "最新价": 9.1,
      "换手率": "8.51%",
      "封板资金": "2.18亿",
      "成交额": 709413680,
      "首次封板时间": "093157",
      "炸板次数": 2,
      "所属行业": "电力",
      "晋级概率_pct": 35.38,
      "题材簇": "煤炭/电力",
      "类似标的": "同线: 乐山电力、华银电力 | 似近月龙头: 大有能源"
    },
    {
      "代码": "002432",
      "名称": "九安医疗",
      "涨停原因": "参股月之暗面+参股DeepSeek+AI医疗+中报预增",
      "连板数": 2,
      "晋级概率": 0.3151478751044776,
      "封单占比": "749.3%",
      "大单封板": "强封",
      "弱转强": "否",
      "涨跌幅": "10.00%",
      "最新价": 87.12,
      "换手率": "0.49%",
      "封板资金": "14.88亿",
      "成交额": 198603718,
      "首次封板时间": "092500",
      "炸板次数": 0,
      "所属行业": "医疗器械",
      "晋级概率_pct": 31.51,
      "题材簇": "AI/算力/机器人",
      "类似标的": "同线: 共进股份、米奥会展 | 似近月龙头: 天娱数科"
    },
    {
      "代码": "603118",
      "名称": "共进股份",
      "涨停原因": "数据中心交换机+机器人+国企改革+回购",
      "连板数": 2,
      "晋级概率": 0.3151478751044776,
      "封单占比": "59.9%",
      "大单封板": "强封",
      "弱转强": "否",
      "涨跌幅": "10.03%",
      "最新价": 16.45,
      "换手率": "4.91%",
      "封板资金": "3.81亿",
      "成交额": 635240736,
      "首次封板时间": "092501",
      "炸板次数": 0,
      "所属行业": "通信设备",
      "晋级概率_pct": 31.51,
      "题材簇": "AI/算力/机器人",
      "类似标的": "同线: 九安医疗、米奥会展 | 似近月龙头: 天娱数科"
    },
    {
      "代码": "600722",
      "名称": "金牛化工",
      "涨停原因": "甲醇+风电+河北国资",
      "连板数": 2,
      "晋级概率": 0.2878934199797015,
      "封单占比": "17.1%",
      "大单封板": "是",
      "弱转强": "否",
      "涨跌幅": "9.96%",
      "最新价": 9.38,
      "换手率": "6.89%",
      "封板资金": "7373.70万",
      "成交额": 430954016,
      "首次封板时间": "093546",
      "炸板次数": 0,
      "所属行业": "化学原料",
      "晋级概率_pct": 28.79,
      "题材簇": "化工/磷",
      "类似标的": "-"
    },
    {
      "代码": "300795",
      "名称": "米奥会展",
      "涨停原因": "间接参股月之暗面+AI应用+拟投资阶跃星辰+境外会展",
      "连板数": 2,
      "晋级概率": 0.2684593010149254,
      "封单占比": "31.2%",
      "大单封板": "强封",
      "弱转强": "是",
      "涨跌幅": "20.04%",
      "最新价": 12.58,
      "换手率": "11.02%",
      "封板资金": "7509.57万",
      "成交额": 240308108,
      "首次封板时间": "092500",
      "炸板次数": 3,
      "所属行业": "专业服务",
      "晋级概率_pct": 26.85,
      "题材簇": "AI/算力/机器人",
      "类似标的": "同线: 九安医疗、共进股份 | 似近月龙头: 天娱数科"
    },
    {
      "代码": "600644",
      "名称": "乐山电力",
      "涨停原因": "-",
      "连板数": 2,
      "晋级概率": 0.24857342686567163,
      "封单占比": "11.4%",
      "大单封板": "否",
      "弱转强": "是",
      "涨跌幅": "9.99%",
      "最新价": 9.91,
      "换手率": "11.26%",
      "封板资金": "7209.62万",
      "成交额": 629884976,
      "首次封板时间": "093245",
      "炸板次数": 2,
      "所属行业": "电力",
      "晋级概率_pct": 24.86,
      "题材簇": "煤炭/电力",
      "类似标的": "同线: 立新能源、华银电力 | 似近月龙头: 大有能源"
    },
    {
      "代码": "600744",
      "名称": "华银电力",
      "涨停原因": "火电+新能源+央企+定增",
      "连板数": 2,
      "晋级概率": 0.24524254294567163,
      "封单占比": "17.1%",
      "大单封板": "是",
      "弱转强": "是",
      "涨跌幅": "10.07%",
      "最新价": 6.56,
      "换手率": "8.32%",
      "封板资金": "1.86亿",
      "成交额": 1089937568,
      "首次封板时间": "093500",
      "炸板次数": 1,
      "所属行业": "电力",
      "晋级概率_pct": 24.52,
      "题材簇": "煤炭/电力",
      "类似标的": "同线: 立新能源、乐山电力 | 似近月龙头: 大有能源"
    }
  ],
  "by_boards": {
    "5": [
      {
        "代码": "603580",
        "名称": "艾艾精工",
        "涨停原因": "控制权拟变更+复牌+轻型输送带+消费电子",
        "连板数": 5,
        "晋级概率": 0.37221412567164175,
        "封单占比": "207.1%",
        "大单封板": "强封",
        "弱转强": "否",
        "涨跌幅": "10.00%",
        "最新价": 49.41,
        "换手率": "1.66%",
        "封板资金": "2.22亿",
        "成交额": 107065640,
        "首次封板时间": "092503",
        "炸板次数": 0,
        "所属行业": "塑料",
        "晋级概率_pct": 37.22,
        "题材簇": "行业:塑料",
        "类似标的": "-"
      }
    ],
    "3": [
      {
        "代码": "001258",
        "名称": "立新能源",
        "涨停原因": "风电光伏+定增获批+半年报预增+新疆国资",
        "连板数": 3,
        "晋级概率": 0.3538261892878465,
        "封单占比": "30.7%",
        "大单封板": "强封",
        "弱转强": "是",
        "涨跌幅": "10.04%",
        "最新价": 9.1,
        "换手率": "8.51%",
        "封板资金": "2.18亿",
        "成交额": 709413680,
        "首次封板时间": "093157",
        "炸板次数": 2,
        "所属行业": "电力",
        "晋级概率_pct": 35.38,
        "题材簇": "煤炭/电力",
        "类似标的": "同线: 乐山电力、华银电力 | 似近月龙头: 大有能源"
      }
    ],
    "2": [
      {
        "代码": "002432",
        "名称": "九安医疗",
        "涨停原因": "参股月之暗面+参股DeepSeek+AI医疗+中报预增",
        "连板数": 2,
        "晋级概率": 0.3151478751044776,
        "封单占比": "749.3%",
        "大单封板": "强封",
        "弱转强": "否",
        "涨跌幅": "10.00%",
        "最新价": 87.12,
        "换手率": "0.49%",
        "封板资金": "14.88亿",
        "成交额": 198603718,
        "首次封板时间": "092500",
        "炸板次数": 0,
        "所属行业": "医疗器械",
        "晋级概率_pct": 31.51,
        "题材簇": "AI/算力/机器人",
        "类似标的": "同线: 共进股份、米奥会展 | 似近月龙头: 天娱数科"
      },
      {
        "代码": "603118",
        "名称": "共进股份",
        "涨停原因": "数据中心交换机+机器人+国企改革+回购",
        "连板数": 2,
        "晋级概率": 0.3151478751044776,
        "封单占比": "59.9%",
        "大单封板": "强封",
        "弱转强": "否",