{
  "trade_date": "20260429",
  "min_boards": 2,
  "hist_pairs": 20,
  "calibration": {
    "lookback_pairs": 14,
    "min_boards": 2,
    "laplace_alpha": 1.0,
    "shrink_to_overall": 0.15,
    "board_rates": {
      "2": 0.2525395866881374,
      "3": 0.38632087465039405,
      "4": 0.40893719806763285,
      "5": 0.3942632850241546,
      "6": 0.3193236714975845,
      "7": 0.16944444444444443
    },
    "overall_ge2_rate": 0.2946859903381642,
    "factor_multipliers": {
      "early_seal": 1.0181,
      "zero_zhaban": 1.0263,
      "heavy_seal": 1.08,
      "big_order_seal": 1.08,
      "weak_to_strong": 0.9749
    },
    "backtest_summary": {
      "source": "15d_empirical_recalibration",
      "trade_days": 15,
      "stock_samples": 207,
      "actual_promotion_rate": 0.2946859903381642,
      "brier_before": 0.2009011882313644,
      "brier_after": 0.19990009947161036,
      "pair_days": [
        "20260427",
        "20260428",
        "20260429",
        "20260430",
        "20260506",
        "20260507",
        "20260508",
        "20260511",
        "20260512",
        "20260513",
        "20260514",
        "20260515",
        "20260518",
        "20260519",
        "20260520"
      ]
    }
  },
  "rates_by_board": {
    "1": {
      "n": 1,
      "total": 155,
      "promoted": 23,
      "rate": 0.14838709677419354
    },
    "2": {
      "n": 2,
      "total": 21,
      "promoted": 5,
      "rate": 0.2525395866881374,
      "calibrated": true
    },
    "3": {
      "n": 3,
      "total": 5,
      "promoted": 2,
      "rate": 0.38632087465039405,
      "calibrated": true
    },
    "4": {
      "n": 4,
      "total": 2,
      "promoted": 1,
      "rate": 0.40893719806763285,
      "calibrated": true
    },
    "5": {
      "n": 5,
      "total": 1,
      "promoted": 0,
      "rate": 0.3942632850241546,
      "calibrated": true
    },
    "6": {
      "n": 6,
      "total": 0,
      "promoted": 0,
      "rate": 0.3193236714975845,
      "calibrated": true
    },
    "7": {
      "n": 7,
      "total": 0,
      "promoted": 0,
      "rate": 0.16944444444444443,
      "calibrated": true
    }
  },
  "stocks": [
    {
      "代码": "002210",
      "名称": "飞马国际",
      "连板数": 3,
      "晋级概率": 0.43595001555569785,
      "大单封板": "是",
      "弱转强": "否",
      "涨跌幅": "9.97%",
      "最新价": 3.31,
      "换手率": "7.01%",
      "封板资金": "8640.00万",
      "首次封板时间": "093100",
      "炸板次数": 0,
      "所属行业": "环境治理",
      "晋级概率_pct": 43.6,
      "涨停原因": "固废处理+黄金供应链+一季度扭亏",
      "封单占比": "14.1%"
    },
    {
      "代码": "603095",
      "名称": "越剑智能",
      "连板数": 3,
      "晋级概率": 0.3964811136536994,
      "大单封板": "否",
      "弱转强": "否",
      "涨跌幅": "10.02%",
      "最新价": 23.06,
      "换手率": "9.27%",
      "封板资金": "5691.46万",
      "首次封板时间": "131653",
      "炸板次数": 0,
      "所属行业": "专用设备",
      "晋级概率_pct": 39.65,
      "涨停原因": "AI验布机+高端装备+纺织机械",
      "封单占比": "11.1%"
    },
    {
      "代码": "603629",
      "名称": "利通电子",
      "连板数": 2,
      "晋级概率": 0.2707096445874275,
      "大单封板": "强封",
      "弱转强": "是",
      "涨跌幅": "10.00%",
      "最新价": 131.29,
      "换手率": "5.61%",
      "封板资金": "4.15亿",
      "首次封板时间": "093137",
      "炸板次数": 1,
      "所属行业": "消费电子",
      "晋级概率_pct": 27.07,
      "涨停原因": "算力租赁+业绩暴增+高送转",
      "封单占比": "22.0%"
    },
    {
      "代码": "600156",
      "名称": "华升股份",
      "连板数": 2,
      "晋级概率": 0.2849823656170652,
      "大单封板": "强封",
      "弱转强": "否",
      "涨跌幅": "10.05%",
      "最新价": 11.17,
      "换手率": "8.08%",
      "封板资金": "8815.76万",
      "首次封板时间": "093333",
      "炸板次数": 0,
      "所属行业": "纺织制造",
      "晋级概率_pct": 28.5,
      "涨停原因": "算力租赁+液冷+拟收购易信科技+湖南国资",
      "封单占比": "25.0%"
    },
    {
      "代码": "002081",
      "名称": "金 螳 螂",
      "连板数": 2,
      "晋级概率": 0.26387256075654186,
      "大单封板": "否",
      "弱转强": "否",
      "涨跌幅": "10.06%",
      "最新价": 5.36,
      "换手率": "11.88%",
      "封板资金": "1.50亿",
      "首次封板时间": "094809",
      "炸板次数": 0,
      "所属行业": "装修装饰",
      "晋级概率_pct": 26.39,
      "涨停原因": "半导体洁净室+海外EPC+城市更新",
      "封单占比": "9.2%"
    },
    {
      "代码": "002652",
      "名称": "扬子新材",
      "连板数": 2,
      "晋级概率": 0.2707096445874275,
      "大单封板": "强封",
      "弱转强": "是",
      "涨跌幅": "9.96%",
      "最新价": 6.18,
      "换手率": "6.80%",
      "封板资金": "7105.71万",
      "首次封板时间": "093136",
      "炸板次数": 1,
      "所属行业": "装修建材",
      "晋级概率_pct": 27.07,
      "涨停原因": "中芯国际概念+半导体洁净室+有机涂层板",
      "封单占比": "33.8%"
    },
    {
      "代码": "603399",
      "名称": "永杉锂业",
      "连板数": 2,
      "晋级概率": 0.25065707832169215,
      "大单封板": "否",
      "弱转强": "是",
      "涨跌幅": "9.98%",
      "最新价": 17.63,
      "换手率": "12.01%",
      "封板资金": "1.17亿",
      "首次封板时间": "095659",
      "炸板次数": 2,
      "所属行业": "能源金属",
      "晋级概率_pct": 25.07,
      "涨停原因": "锂盐产能扩张+一季度扭亏+固态电池材料",
      "封单占比": "11.2%"
    },
    {
      "代码": "001266",
      "名称": "宏英智能",
      "连板数": 2,
      "晋级概率": 0.2849823656170652,
      "大单封板": "强封",
      "弱转强": "否",
      "涨跌幅": "9.99%",
      "最新价": 39.52,
      "换手率": "5.16%",
      "封板资金": "4604.87万",
      "首次封板时间": "092500",
      "炸板次数": 0,
      "所属行业": "自动化设",
      "晋级概率_pct": 28.5,
      "涨停原因": "一季报大增+液冷储能+智能电控",
      "封单占比": "38.8%"
    },
    {
      "代码": "600379",
      "名称": "宝光股份",
      "连板数": 2,
      "晋级概率": 0.25065707832169215,
      "大单封板": "否",
      "弱转强": "是",
      "涨跌幅": "10.03%",
      "最新价": 15.25,
      "换手率": "20.14%",
      "封板资金": "3402.58万",
      "首次封板时间": "093052",
      "炸板次数": 2,
      "所属行业": "电网设备",
      "晋级概率_pct": 25.07,
      "涨停原因": "电子特气+氢能+储能+特高压+央企",
      "封单占比": "3.4%"
    },
    {
      "代码": "605168",
      "名称": "三人行",
      "连板数": 2,
      "晋级概率": 0.25065707832169215,
      "大单封板": "否",
      "弱转强": "是",
      "涨跌幅": "10.00%",
      "最新价": 48.5,
      "换手率": "9.79%",
      "封板资金": "3194.54万",
      "首次封板时间": "093932",
      "炸板次数": 5,
      "所属行业": "广告营销",
      "晋级概率_pct": 25.07,
      "涨停原因": "算力租赁+英伟达合作+AI营销",
      "封单占比": "3.2%"
    },
    {
      "代码": "603317",
      "名称": "天味食品",
      "连板数": 2,
      "晋级概率": 0.25065707832169215,
      "大单封板": "否",
      "弱转强": "是",
      "涨跌幅": "9.99%",
      "最新价": 17.28,
      "换手率": "4.82%",
      "封板资金": "2834.83万",
      "首次封板时间": "094022",
      "炸板次数": 5,
      "所属行业": "调味发酵",
      "晋级概率_pct": 25.07,
      "涨停原因": "一季报高增+火锅调料+员工持股",
      "封单占比": "3.3%"
    }
  ],
  "by_boards": {
    "3": [
      {
        "代码": "002210",
        "名称": "飞马国际",
        "连板数": 3,
        "晋级概率": 0.43595001555569785,
        "大单封板": "是",
        "弱转强": "否",
        "涨跌幅": "9.97%",
        "最新价": 3.31,
        "换手率": "7.01%",
        "封板资金": "8640.00万",
        "首次封板时间": "093100",
        "炸板次数": 0,
        "所属行业": "环境治理",
        "晋级概率_pct": 43.6,
        "涨停原因": "固废处理+黄金供应链+一季度扭亏",
        "封单占比": "14.1%"
      },
      {
        "代码": "603095",
        "名称": "越剑智能",
        "连板数": 3,
        "晋级概率": 0.3964811136536994,
        "大单封板": "否",
        "弱转强": "否",
        "涨跌幅": "10.02%",
        "最新价": 23.06,
        "换手率": "9.27%",
        "封板资金": "5691.46万",
        "首次封板时间": "131653",
        "炸板次数": 0,
        "所属行业": "专用设备",
        "晋级概率_pct": 39.65,
        "涨停原因": "AI验布机+高端装备+纺织机械",
        "封单占比": "11.1%"
      }
    ],
    "2": [
      {
        "代码": "600156",
        "名称": "华升股份",
        "连板数": 2,
        "晋级概率": 0.2849823656170652,
        "大单封板": "强封",
        "弱转强": "否",
        "涨跌幅": "10.05%",
        "最新价": 11.17,
        "换手率": "8.08%",
        "封板资金": "8815.76万",
        "首次封板时间": "093333",
        "炸板次数": 0,
        "所属行业": "纺织制造",
        "晋级概率_pct": 28.5,
        "涨停原因": "算力租赁+液冷+拟收购易信科技+湖南国资",
        "封单占比": "25.0%"
      },
      {
        "代码": "001266",
        "名称": "宏英智能",
        "连板数": 2,
        "晋级概率": 0.2849823656170652,
        "大单封板": "强封",
        "弱转强": "否",
        "涨跌幅": "9.99%",
        "最新价": 39.52,
        "换手率": "5.16%",
        "封板资金": "4604.87万",
        "首次封板时间": "092500",
        "炸板次数": 0,
        "所属行业": "自动化设",
        "晋级概率_pct": 28.5,
        "涨停原因": "一季报大增+液冷储能+智能电控",