{
  "trade_date": "20260528",
  "min_boards": 2,
  "hist_pairs": 20,
  "calibration": {
    "lookback_pairs": 29,
    "min_boards": 2,
    "laplace_alpha": 1.0,
    "shrink_to_overall": 0.15,
    "board_rates": {
      "2": 0.26257090991604265,
      "3": 0.3729885057471265,
      "4": 0.27478632478632475,
      "5": 0.31474358974358974,
      "6": 0.16217948717948716,
      "7": 0.16217948717948716
    },
    "overall_ge2_rate": 0.28205128205128205,
    "factor_multipliers": {
      "early_seal": 1.0506,
      "zero_zhaban": 1.0569,
      "heavy_seal": 1.08,
      "big_order_seal": 1.08,
      "weak_to_strong": 0.9635
    },
    "backtest_summary": {
      "source": "15d_empirical_recalibration",
      "trade_days": 30,
      "stock_samples": 156,
      "actual_promotion_rate": 0.28205128205128205,
      "brier_before": 0.19513640904203408,
      "brier_after": 0.19513640904203408,
      "pair_days": [
        "20260427",
        "20260428",
        "20260429",
        "20260430",
        "20260506",
        "20260507",
        "20260508",
        "20260511",
        "20260512",
        "20260513",
        "20260514",
        "20260515",
        "20260518",
        "20260519",
        "20260520",
        "20260521",
        "20260522",
        "20260525",
        "20260526",
        "20260527",
        "20260528",
        "20260529",
        "20260601",
        "20260602",
        "20260603",
        "20260604",
        "20260605",
        "20260608",
        "20260609",
        "20260610"
      ]
    }
  },
  "rates_by_board": {
    "1": {
      "n": 1,
      "total": 285,
      "promoted": 46,
      "rate": 0.16140350877192983
    },
    "2": {
      "n": 2,
      "total": 45,
      "promoted": 13,
      "rate": 0.26257090991604265,
      "calibrated": true
    },
    "3": {
      "n": 3,
      "total": 12,
      "promoted": 4,
      "rate": 0.3729885057471265,
      "calibrated": true
    },
    "4": {
      "n": 4,
      "total": 2,
      "promoted": 0,
      "rate": 0.27478632478632475,
      "calibrated": true
    },
    "7": {
      "n": 7,
      "total": 1,
      "promoted": 0,
      "rate": 0.16217948717948716,
      "calibrated": true
    },
    "5": {
      "n": 5,
      "total": 0,
      "promoted": 0,
      "rate": 0.31474358974358974,
      "calibrated": true
    },
    "6": {
      "n": 6,
      "total": 0,
      "promoted": 0,
      "rate": 0.16217948717948716,
      "calibrated": true
    }
  },
  "stocks": [
    {
      "代码": "000509",
      "名称": "华塑控股",
      "涨停原因": "PCB钻针澄清+显示终端+CCER",
      "连板数": 4,
      "晋级概率": 0.32952636323999995,
      "封单占比": "76.7%",
      "大单封板": "强封",
      "弱转强": "否",
      "涨跌幅": "9.98%",
      "最新价": 5.73,
      "换手率": "5.73%",
      "封板资金": "2.70亿",
      "成交额": 352414272,
      "首次封板时间": "093000",
      "炸板次数": 0,
      "所属行业": "光学光电",
      "晋级概率_pct": 32.95
    },
    {
      "代码": "600726",
      "名称": "华电能源",
      "涨停原因": "煤炭产销+热电联产+扭亏为盈+央企",
      "连板数": 4,
      "晋级概率": 0.3004055738307692,
      "封单占比": "12.3%",
      "大单封板": "是",
      "弱转强": "是",
      "涨跌幅": "10.04%",
      "最新价": 9.21,
      "换手率": "3.13%",
      "封板资金": "2.64亿",
      "成交额": 2141987824,
      "首次封板时间": "092501",
      "炸板次数": 5,
      "所属行业": "电力",
      "晋级概率_pct": 30.04
    },
    {
      "代码": "600162",
      "名称": "香江控股",
      "涨停原因": "广州地产项目+家居商贸+养老服务+低价股",
      "连板数": 4,
      "晋级概率": 0.27815330910256403,
      "封单占比": "7.4%",
      "大单封板": "否",
      "弱转强": "是",
      "涨跌幅": "9.96%",
      "最新价": 2.54,
      "换手率": "8.60%",
      "封板资金": "5215.40万",
      "成交额": 700064784,
      "首次封板时间": "093504",
      "炸板次数": 3,
      "所属行业": "房地产开",
      "晋级概率_pct": 27.82
    },
    {
      "代码": "002579",
      "名称": "中京电子",
      "涨停原因": "PCB+高阶HDI+定增扩产",
      "连板数": 3,
      "晋级概率": 0.39421155172413797,
      "封单占比": "4.3%",
      "大单封板": "否",
      "弱转强": "否",
      "涨跌幅": "9.98%",
      "最新价": 18.19,
      "换手率": "40.37%",
      "封板资金": "1.73亿",
      "成交额": 3988891216,
      "首次封板时间": "132754",
      "炸板次数": 0,
      "所属行业": "元件",
      "晋级概率_pct": 39.42
    },
    {
      "代码": "002484",
      "名称": "江海股份",
      "涨停原因": "超级电容+AI服务器+浙江国资+分红",
      "连板数": 2,
      "晋级概率": 0.3148775220329203,
      "封单占比": "17.9%",
      "大单封板": "是",
      "弱转强": "否",
      "涨跌幅": "9.99%",
      "最新价": 74.07,
      "换手率": "2.71%",
      "封板资金": "2.90亿",
      "成交额": 1624903104,
      "首次封板时间": "093130",
      "炸板次数": 0,
      "所属行业": "元件",
      "晋级概率_pct": 31.49
    },
    {
      "代码": "603032",
      "名称": "德新科技",
      "涨停原因": "锂电裁切模具+机器人+业绩扭亏",
      "连板数": 2,
      "晋级概率": 0.3148775220329203,
      "封单占比": "16.0%",
      "大单封板": "是",
      "弱转强": "否",
      "涨跌幅": "10.01%",
      "最新价": 27.69,
      "换手率": "5.37%",
      "封板资金": "5443.29万",
      "成交额": 340881920,
      "首次封板时间": "093320",
      "炸板次数": 0,
      "所属行业": "电池",
      "晋级概率_pct": 31.49
    },
    {
      "代码": "000539",
      "名称": "粤电力Ａ",
      "涨停原因": "电力+业绩减亏+广东国资",
      "连板数": 2,
      "晋级概率": 0.2870512749349217,
      "封单占比": "15.6%",
      "大单封板": "是",
      "弱转强": "是",
      "涨跌幅": "9.95%",
      "最新价": 8.07,
      "换手率": "5.85%",
      "封板资金": "1.86亿",
      "成交额": 1198943264,
      "首次封板时间": "093036",
      "炸板次数": 2,
      "所属行业": "电力",
      "晋级概率_pct": 28.71
    },
    {
      "代码": "603011",
      "名称": "合锻智能",
      "涨停原因": "光模块结构件+CCL/PCB层压设备+高端成形机床",
      "连板数": 2,
      "晋级概率": 0.2657882175323349,
      "封单占比": "9.9%",
      "大单封板": "否",
      "弱转强": "是",
      "涨跌幅": "10.00%",
      "最新价": 22.65,
      "换手率": "10.71%",
      "封板资金": "1.17亿",
      "成交额": 1175418832,
      "首次封板时间": "093733",
      "炸板次数": 3,
      "所属行业": "专用设备",
      "晋级概率_pct": 26.58
    },
    {
      "代码": "603989",
      "名称": "艾华集团",
      "涨停原因": "MLPC+铝电解电容+AI服务器+新能源",
      "连板数": 2,
      "晋级概率": 0.2529870717041071,
      "封单占比": "0.7%",
      "大单封板": "否",
      "弱转强": "是",
      "涨跌幅": "9.99%",
      "最新价": 38.42,
      "换手率": "10.87%",
      "封板资金": "1130.94万",
      "成交额": 1587710320,
      "首次封板时间": "145537",
      "炸板次数": 1,
      "所属行业": "元件",
      "晋级概率_pct": 25.3
    }
  ],
  "by_boards": {
    "4": [
      {
        "代码": "000509",
        "名称": "华塑控股",
        "涨停原因": "PCB钻针澄清+显示终端+CCER",
        "连板数": 4,
        "晋级概率": 0.32952636323999995,
        "封单占比": "76.7%",
        "大单封板": "强封",
        "弱转强": "否",
        "涨跌幅": "9.98%",
        "最新价": 5.73,
        "换手率": "5.73%",
        "封板资金": "2.70亿",
        "成交额": 352414272,
        "首次封板时间": "093000",
        "炸板次数": 0,
        "所属行业": "光学光电",
        "晋级概率_pct": 32.95
      },
      {
        "代码": "600726",
        "名称": "华电能源",
        "涨停原因": "煤炭产销+热电联产+扭亏为盈+央企",
        "连板数": 4,
        "晋级概率": 0.3004055738307692,
        "封单占比": "12.3%",
        "大单封板": "是",
        "弱转强": "是",
        "涨跌幅": "10.04%",
        "最新价": 9.21,
        "换手率": "3.13%",
        "封板资金": "2.64亿",
        "成交额": 2141987824,
        "首次封板时间": "092501",
        "炸板次数": 5,
        "所属行业": "电力",
        "晋级概率_pct": 30.04
      },
      {
        "代码": "600162",
        "名称": "香江控股",
        "涨停原因": "广州地产项目+家居商贸+养老服务+低价股",
        "连板数": 4,
        "晋级概率": 0.27815330910256403,
        "封单占比": "7.4%",
        "大单封板": "否",
        "弱转强": "是",
        "涨跌幅": "9.96%",
        "最新价": 2.54,
        "换手率": "8.60%",
        "封板资金": "5215.40万",
        "成交额": 700064784,
        "首次封板时间": "093504",
        "炸板次数": 3,
        "所属行业": "房地产开",
        "晋级概率_pct": 27.82
      }
    ],
    "3": [
      {
        "代码": "002579",
        "名称": "中京电子",
        "涨停原因": "PCB+高阶HDI+定增扩产",
        "连板数": 3,
        "晋级概率": 0.39421155172413797,
        "封单占比": "4.3%",
        "大单封板": "否",
        "弱转强": "否",
        "涨跌幅": "9.98%",
        "最新价": 18.19,
        "换手率": "40.37%",
        "封板资金": "1.73亿",
        "成交额": 3988891216,
        "首次封板时间": "132754",
        "炸板次数": 0,
        "所属行业": "元件",
        "晋级概率_pct": 39.42
      }
    ],
    "2": [
      {
        "代码": "002484",
        "名称": "江海股份",
        "涨停原因": "超级电容+AI服务器+浙江国资+分红",