{
  "trade_date": "20260721",
  "min_boards": 2,
  "hist_pairs": 5,
  "calibration": {
    "lookback_pairs": 38,
    "min_boards": 2,
    "laplace_alpha": 1.0,
    "shrink_to_overall": 0.15,
    "board_rates": {
      "2": 0.2669583118888317,
      "3": 0.3518479033404406,
      "4": 0.2572330654420207,
      "5": 0.3152985074626865,
      "6": 0.1630597014925373
    },
    "overall_ge2_rate": 0.2835820895522388,
    "factor_multipliers": {
      "early_seal": 1.0121,
      "zero_zhaban": 1.08,
      "heavy_seal": 1.08,
      "big_order_seal": 0.9866,
      "weak_to_strong": 0.92
    },
    "backtest_summary": {
      "source": "15d_empirical_recalibration",
      "trade_days": 39,
      "stock_samples": 201,
      "actual_promotion_rate": 0.2835820895522388,
      "brier_before": 0.1963420939422876,
      "brier_after": 0.19472540728577367,
      "pair_days": [
        "20260427",
        "20260428",
        "20260429",
        "20260430",
        "20260506",
        "20260507",
        "20260508",
        "20260511",
        "20260512",
        "20260513",
        "20260514",
        "20260515",
        "20260518",
        "20260519",
        "20260520",
        "20260521",
        "20260522",
        "20260525",
        "20260526",
        "20260527",
        "20260528",
        "20260529",
        "20260601",
        "20260602",
        "20260603",
        "20260604",
        "20260605",
        "20260608",
        "20260609",
        "20260610",
        "20260611",
        "20260612",
        "20260615",
        "20260616",
        "20260617",
        "20260618",
        "20260622",
        "20260623",
        "20260624"
      ]
    }
  },
  "rates_by_board": {
    "1": {
      "n": 1,
      "total": 233,
      "promoted": 32,
      "rate": 0.13733905579399142
    },
    "2": {
      "n": 2,
      "total": 33,
      "promoted": 6,
      "rate": 0.2669583118888317,
      "calibrated": true
    },
    "3": {
      "n": 3,
      "total": 8,
      "promoted": 3,
      "rate": 0.3518479033404406,
      "calibrated": true
    },
    "4": {
      "n": 4,
      "total": 2,
      "promoted": 1,
      "rate": 0.2572330654420207,
      "calibrated": true
    },
    "5": {
      "n": 5,
      "total": 1,
      "promoted": 0,
      "rate": 0.3152985074626865,
      "calibrated": true
    },
    "6": {
      "n": 6,
      "total": 0,
      "promoted": 0,
      "rate": 0.1630597014925373,
      "calibrated": true
    }
  },
  "stocks": [
    {
      "代码": "001258",
      "名称": "立新能源",
      "涨停原因": "-",
      "连板数": 4,
      "晋级概率": 0.23630839831269806,
      "封单占比": "14.0%",
      "大单封板": "是",
      "弱转强": "是",
      "涨跌幅": "10.00%",
      "最新价": 10.01,
      "换手率": "12.97%",
      "封板资金": "1.68亿",
      "成交额": 1199997168,
      "首次封板时间": "092500",
      "炸板次数": 4,
      "所属行业": "电力",
      "晋级概率_pct": 23.63,
      "题材簇": "煤炭/电力",
      "类似标的": "似近月龙头: 大有能源"
    },
    {
      "代码": "000815",
      "名称": "美利云",
      "涨停原因": "算力租赁+东数西算+中国诚通旗下",
      "连板数": 2,
      "晋级概率": 0.3151478751044776,
      "封单占比": "94.9%",
      "大单封板": "强封",
      "弱转强": "否",
      "涨跌幅": "9.98%",
      "最新价": 14.66,
      "换手率": "3.96%",
      "封板资金": "3.83亿",
      "成交额": 403144544,
      "首次封板时间": "093000",
      "炸板次数": 0,
      "所属行业": "IT服务Ⅱ",
      "晋级概率_pct": 31.51,
      "题材簇": "AI/算力/机器人",
      "类似标的": "同线: 中嘉博创 | 似近月龙头: 天娱数科"
    },
    {
      "代码": "002036",
      "名称": "联创电子",
      "涨停原因": "CPO光学器件+车载光学+机器视觉+江西国资拟入主",
      "连板数": 2,
      "晋级概率": 0.3151478751044776,
      "封单占比": "58.1%",
      "大单封板": "强封",
      "弱转强": "否",
      "涨跌幅": "10.08%",
      "最新价": 7.21,
      "换手率": "3.60%",
      "封板资金": "1.54亿",
      "成交额": 264204227,
      "首次封板时间": "093633",
      "炸板次数": 0,
      "所属行业": "光学光电",
      "晋级概率_pct": 31.51,
      "题材簇": "光纤/四氯化硅",
      "类似标的": "似近月龙头: 三孚股份、宏柏新材"
    },
    {
      "代码": "000889",
      "名称": "中嘉博创",
      "涨停原因": "算力销售+通信网络维护+追索款项确认+中报预计扭亏",
      "连板数": 2,
      "晋级概率": 0.2684593010149254,
      "封单占比": "61.1%",
      "大单封板": "强封",
      "弱转强": "是",
      "涨跌幅": "10.14%",
      "最新价": 3.8,
      "换手率": "6.74%",
      "封板资金": "1.31亿",
      "成交额": 215333643,
      "首次封板时间": "093442",
      "炸板次数": 1,
      "所属行业": "通信服务",
      "晋级概率_pct": 26.85,
      "题材簇": "AI/算力/机器人",
      "类似标的": "同线: 美利云 | 似近月龙头: 天娱数科"
    }
  ],
  "by_boards": {
    "4": [
      {
        "代码": "001258",
        "名称": "立新能源",
        "涨停原因": "-",
        "连板数": 4,
        "晋级概率": 0.23630839831269806,
        "封单占比": "14.0%",
        "大单封板": "是",
        "弱转强": "是",
        "涨跌幅": "10.00%",
        "最新价": 10.01,
        "换手率": "12.97%",
        "封板资金": "1.68亿",
        "成交额": 1199997168,
        "首次封板时间": "092500",
        "炸板次数": 4,
        "所属行业": "电力",
        "晋级概率_pct": 23.63,
        "题材簇": "煤炭/电力",
        "类似标的": "似近月龙头: 大有能源"
      }
    ],
    "2": [
      {
        "代码": "000815",
        "名称": "美利云",
        "涨停原因": "算力租赁+东数西算+中国诚通旗下",
        "连板数": 2,
        "晋级概率": 0.3151478751044776,
        "封单占比": "94.9%",
        "大单封板": "强封",
        "弱转强": "否",
        "涨跌幅": "9.98%",
        "最新价": 14.66,
        "换手率": "3.96%",
        "封板资金": "3.83亿",
        "成交额": 403144544,
        "首次封板时间": "093000",
        "炸板次数": 0,
        "所属行业": "IT服务Ⅱ",
        "晋级概率_pct": 31.51,
        "题材簇": "AI/算力/机器人",
        "类似标的": "同线: 中嘉博创 | 似近月龙头: 天娱数科"
      },
      {
        "代码": "002036",
        "名称": "联创电子",
        "涨停原因": "CPO光学器件+车载光学+机器视觉+江西国资拟入主",
        "连板数": 2,
        "晋级概率": 0.3151478751044776,
        "封单占比": "58.1%",
        "大单封板": "强封",
        "弱转强": "否",
        "涨跌幅": "10.08%",
        "最新价": 7.21,
        "换手率": "3.60%",
        "封板资金": "1.54亿",
        "成交额": 264204227,
        "首次封板时间": "093633",
        "炸板次数": 0,
        "所属行业": "光学光电",
        "晋级概率_pct": 31.51,
        "题材簇": "光纤/四氯化硅",
        "类似标的": "似近月龙头: 三孚股份、宏柏新材"
      },
      {
        "代码": "000889",
        "名称": "中嘉博创",
        "涨停原因": "算力销售+通信网络维护+追索款项确认+中报预计扭亏",
        "连板数": 2,
        "晋级概率": 0.2684593010149254,
        "封单占比": "61.1%",
        "大单封板": "强封",
        "弱转强": "是",
        "涨跌幅": "10.14%",
        "最新价": 3.8,
        "换手率": "6.74%",
        "封板资金": "1.31亿",
        "成交额": 215333643,
        "首次封板时间": "093442",
        "炸板次数": 1,
        "所属行业": "通信服务",
        "晋级概率_pct": 26.85,
        "题材簇": "AI/算力/机器人",
        "类似标的": "同线: 美利云 | 似近月龙头: 天娱数科"
      }
    ]
  }
}