{
  "trade_date": "20260722",
  "min_boards": 2,
  "hist_pairs": 20,
  "calibration": {
    "lookback_pairs": 38,
    "min_boards": 2,
    "laplace_alpha": 1.0,
    "shrink_to_overall": 0.15,
    "board_rates": {
      "2": 0.2669583118888317,
      "3": 0.3518479033404406,
      "4": 0.2572330654420207,
      "5": 0.3152985074626865,
      "6": 0.1630597014925373
    },
    "overall_ge2_rate": 0.2835820895522388,
    "factor_multipliers": {
      "early_seal": 1.0121,
      "zero_zhaban": 1.08,
      "heavy_seal": 1.08,
      "big_order_seal": 0.9866,
      "weak_to_strong": 0.92
    },
    "backtest_summary": {
      "source": "15d_empirical_recalibration",
      "trade_days": 39,
      "stock_samples": 201,
      "actual_promotion_rate": 0.2835820895522388,
      "brier_before": 0.1963420939422876,
      "brier_after": 0.19472540728577367,
      "pair_days": [
        "20260427",
        "20260428",
        "20260429",
        "20260430",
        "20260506",
        "20260507",
        "20260508",
        "20260511",
        "20260512",
        "20260513",
        "20260514",
        "20260515",
        "20260518",
        "20260519",
        "20260520",
        "20260521",
        "20260522",
        "20260525",
        "20260526",
        "20260527",
        "20260528",
        "20260529",
        "20260601",
        "20260602",
        "20260603",
        "20260604",
        "20260605",
        "20260608",
        "20260609",
        "20260610",
        "20260611",
        "20260612",
        "20260615",
        "20260616",
        "20260617",
        "20260618",
        "20260622",
        "20260623",
        "20260624"
      ]
    }
  },
  "rates_by_board": {
    "1": {
      "n": 1,
      "total": 730,
      "promoted": 77,
      "rate": 0.10547945205479452
    },
    "2": {
      "n": 2,
      "total": 82,
      "promoted": 15,
      "rate": 0.2669583118888317,
      "calibrated": true
    },
    "3": {
      "n": 3,
      "total": 17,
      "promoted": 5,
      "rate": 0.3518479033404406,
      "calibrated": true
    },
    "4": {
      "n": 4,
      "total": 5,
      "promoted": 4,
      "rate": 0.2572330654420207,
      "calibrated": true
    },
    "5": {
      "n": 5,
      "total": 3,
      "promoted": 1,
      "rate": 0.3152985074626865,
      "calibrated": true
    },
    "6": {
      "n": 6,
      "total": 1,
      "promoted": 1,
      "rate": 0.1630597014925373,
      "calibrated": true
    },
    "7": {
      "n": 7,
      "total": 1,
      "promoted": 1,
      "rate": 1.0
    },
    "8": {
      "n": 8,
      "total": 1,
      "promoted": 0,
      "rate": 0.0
    }
  },
  "stocks": [
    {
      "代码": "001258",
      "名称": "立新能源",
      "涨停原因": "风电光伏+定增获批+半年报预增+新疆国资",
      "连板数": 5,
      "晋级概率": 0.37221412567164175,
      "封单占比": "35.7%",
      "大单封板": "强封",
      "弱转强": "否",
      "涨跌幅": "9.99%",
      "最新价": 11.01,
      "换手率": "6.56%",
      "封板资金": "2.37亿",
      "成交额": 663233552,
      "首次封板时间": "093257",
      "炸板次数": 0,
      "所属行业": "电力",
      "晋级概率_pct": 37.22,
      "题材簇": "煤炭/电力",
      "类似标的": "同线: 华银电力 | 似近月龙头: 大有能源"
    },
    {
      "代码": "600744",
      "名称": "华银电力",
      "涨停原因": "火电+新能源+定增获批+央企",
      "连板数": 4,
      "晋级概率": 0.23665442020665903,
      "封单占比": "0.9%",
      "大单封板": "否",
      "弱转强": "是",
      "涨跌幅": "9.97%",
      "最新价": 7.94,
      "换手率": "18.97%",
      "封板资金": "2503.61万",
      "成交额": 2900445360,
      "首次封板时间": "144100",
      "炸板次数": 1,
      "所属行业": "电力",
      "晋级概率_pct": 23.67,
      "题材簇": "煤炭/电力",
      "类似标的": "同线: 立新能源 | 似近月龙头: 大有能源"
    },
    {
      "代码": "000815",
      "名称": "美利云",
      "涨停原因": "算力租赁+东数西算+中国诚通旗下",
      "连板数": 3,
      "晋级概率": 0.3232267762512864,
      "封单占比": "14.3%",
      "大单封板": "是",
      "弱转强": "是",
      "涨跌幅": "10.03%",
      "最新价": 16.13,
      "换手率": "12.97%",
      "封板资金": "2.07亿",
      "成交额": 1447901072,
      "首次封板时间": "092500",
      "炸板次数": 3,
      "所属行业": "IT服务Ⅱ",
      "晋级概率_pct": 32.32,
      "题材簇": "AI/算力/机器人",
      "类似标的": "同线: 利通电子、证通电子、长缆科技 | 似近月龙头: 天娱数科"
    },
    {
      "代码": "603407",
      "名称": "长裕集团",
      "涨停原因": "氧化锆涨价+存储芯片材料+特种尼龙",
      "连板数": 2,
      "晋级概率": 0.3151478751044776,
      "封单占比": "88.6%",
      "大单封板": "强封",
      "弱转强": "否",
      "涨跌幅": "10.00%",
      "最新价": 64.34,
      "换手率": "5.26%",
      "封板资金": "1.08亿",
      "成交额": 121564318,
      "首次封板时间": "092502",
      "炸板次数": 0,
      "所属行业": "化学原料",
      "晋级概率_pct": 31.51,
      "题材簇": "锆/小金属",
      "类似标的": "-"
    },
    {
      "代码": "603221",
      "名称": "爱丽家居",
      "涨停原因": "拟收购欧康诺+存储测试设备+PVC弹性地板",
      "连板数": 2,
      "晋级概率": 0.3151478751044776,
      "封单占比": "17444.9%",
      "大单封板": "强封",
      "弱转强": "否",
      "涨跌幅": "9.98%",
      "最新价": 11.57,
      "换手率": "0.05%",
      "封板资金": "2.52亿",
      "成交额": 1443936,
      "首次封板时间": "092502",
      "炸板次数": 0,
      "所属行业": "家居用品",
      "晋级概率_pct": 31.51,
      "题材簇": "消费/独立",
      "类似标的": "-"
    },
    {
      "代码": "002197",
      "名称": "证通电子",
      "涨停原因": "算力租赁+数据中心REITs+金融科技+中报扭亏",
      "连板数": 2,
      "晋级概率": 0.3151478751044776,
      "封单占比": "111.6%",
      "大单封板": "强封",
      "弱转强": "否",
      "涨跌幅": "9.94%",
      "最新价": 6.97,
      "换手率": "3.66%",
      "封板资金": "1.51亿",
      "成交额": 135479001,
      "首次封板时间": "093003",
      "炸板次数": 0,
      "所属行业": "计算机设",
      "晋级概率_pct": 31.51,
      "题材簇": "AI/算力/机器人",
      "类似标的": "同线: 美利云、利通电子、长缆科技 | 似近月龙头: 天娱数科"
    },
    {
      "代码": "603629",
      "名称": "利通电子",
      "涨停原因": "算力租赁+英伟达合作+中报预增",
      "连板数": 2,
      "晋级概率": 0.3151478751044776,
      "封单占比": "26.6%",
      "大单封板": "强封",
      "弱转强": "否",
      "涨跌幅": "10.00%",
      "最新价": 118.34,
      "换手率": "3.56%",
      "封板资金": "3.98亿",
      "成交额": 1497269728,
      "首次封板时间": "093204",
      "炸板次数": 0,
      "所属行业": "消费电子",
      "晋级概率_pct": 31.51,
      "题材簇": "AI/算力/机器人",
      "类似标的": "同线: 美利云、证通电子、长缆科技 | 似近月龙头: 天娱数科"
    },
    {
      "代码": "002213",
      "名称": "大为股份",
      "涨停原因": "半导体存储+定增获批+锂矿审批推进+中报预增",
      "连板数": 2,
      "晋级概率": 0.3151478751044776,
      "封单占比": "39.4%",
      "大单封板": "强封",
      "弱转强": "否",
      "涨跌幅": "10.00%",
      "最新价": 27.49,
      "换手率": "4.29%",
      "封板资金": "9471.02万",
      "成交额": 240189474,
      "首次封板时间": "093330",
      "炸板次数": 0,
      "所属行业": "半导体",
      "晋级概率_pct": 31.51,
      "题材簇": "磷化铟/半导体材料",
      "类似标的": "同线: 托伦斯 | 似近月龙头: 旭光电子"
    },
    {
      "代码": "603118",
      "名称": "共进股份",
      "涨停原因": "数据中心交换机+CPO+机器人+唐山国资",
      "连板数": 2,
      "晋级概率": 0.24857342686567163,
      "封单占比": "7.0%",
      "大单封板": "否",
      "弱转强": "是",
      "涨跌幅": "9.98%",
      "最新价": 16.42,
      "换手率": "14.11%",
      "封板资金": "1.26亿",
      "成交额": 1813065200,
      "首次封板时间": "093123",
      "炸板次数": 4,
      "所属行业": "通信设备",
      "晋级概率_pct": 24.86,
      "题材簇": "光纤/四氯化硅",
      "类似标的": "似近月龙头: 三孚股份、宏柏新材"
    },
    {
      "代码": "002879",
      "名称": "长缆科技",
      "涨停原因": "回购+增持+液冷+电缆附件",
      "连板数": 2,
      "晋级概率": 0.24857342686567163,
      "封单占比": "1.1%",
      "大单封板": "否",
      "弱转强": "是",
      "涨跌幅": "10.03%",
      "最新价": 14.92,
      "换手率": "22.53%",
      "封板资金": "497.28万",
      "成交额": 448910912,
      "首次封板时间": "093236",
      "炸板次数": 4,
      "所属行业": "电网设备",
      "晋级概率_pct": 24.86,
      "题材簇": "AI/算力/机器人",
      "类似标的": "同线: 美利云、利通电子、证通电子 | 似近月龙头: 天娱数科"
    },
    {
      "代码": "301583",
      "名称": "托伦斯",
      "涨停原因": "半导体设备+精密零部件+次新股",
      "连板数": 2,
      "晋级概率": 0.24857342686567163,
      "封单占比": "1.6%",
      "大单封板": "否",
      "弱转强": "是",
      "涨跌幅": "20.00%",
      "最新价": 158.71,
      "换手率": "54.00%",
      "封板资金": "4205.01万",
      "成交额": 2606820320,
      "首次封板时间": "093424",
      "炸板次数": 23,
      "所属行业": "半导体",
      "晋级概率_pct": 24.86,
      "题材簇": "磷化铟/半导体材料",
      "类似标的": "同线: 大为股份 | 似近月龙头: 旭光电子"
    },
    {
      "代码": "000603",
      "名称": "盛达资源",
      "涨停原因": "白银+铅锌+黄金概念+中报预增",
      "连板数": 2,
      "晋级概率": 0.24857342686567163,
      "封单占比": "7.6%",
      "大单封板": "否",
      "弱转强": "是",