{
  "trade_date": "20260605",
  "min_boards": 2,
  "hist_pairs": 20,
  "calibration": {
    "lookback_pairs": 38,
    "min_boards": 2,
    "laplace_alpha": 1.0,
    "shrink_to_overall": 0.15,
    "board_rates": {
      "2": 0.2669583118888317,
      "3": 0.3518479033404406,
      "4": 0.2572330654420207,
      "5": 0.3152985074626865,
      "6": 0.1630597014925373
    },
    "overall_ge2_rate": 0.2835820895522388,
    "factor_multipliers": {
      "early_seal": 1.0121,
      "zero_zhaban": 1.08,
      "heavy_seal": 1.08,
      "big_order_seal": 0.9866,
      "weak_to_strong": 0.92
    },
    "backtest_summary": {
      "source": "15d_empirical_recalibration",
      "trade_days": 39,
      "stock_samples": 201,
      "actual_promotion_rate": 0.2835820895522388,
      "brier_before": 0.1963420939422876,
      "brier_after": 0.19472540728577367,
      "pair_days": [
        "20260427",
        "20260428",
        "20260429",
        "20260430",
        "20260506",
        "20260507",
        "20260508",
        "20260511",
        "20260512",
        "20260513",
        "20260514",
        "20260515",
        "20260518",
        "20260519",
        "20260520",
        "20260521",
        "20260522",
        "20260525",
        "20260526",
        "20260527",
        "20260528",
        "20260529",
        "20260601",
        "20260602",
        "20260603",
        "20260604",
        "20260605",
        "20260608",
        "20260609",
        "20260610",
        "20260611",
        "20260612",
        "20260615",
        "20260616",
        "20260617",
        "20260618",
        "20260622",
        "20260623",
        "20260624"
      ]
    }
  },
  "rates_by_board": {
    "1": {
      "n": 1,
      "total": 124,
      "promoted": 10,
      "rate": 0.08064516129032258
    },
    "2": {
      "n": 2,
      "total": 12,
      "promoted": 2,
      "rate": 0.2669583118888317,
      "calibrated": true
    },
    "3": {
      "n": 3,
      "total": 6,
      "promoted": 3,
      "rate": 0.3518479033404406,
      "calibrated": true
    },
    "4": {
      "n": 4,
      "total": 3,
      "promoted": 1,
      "rate": 0.2572330654420207,
      "calibrated": true
    },
    "5": {
      "n": 5,
      "total": 0,
      "promoted": 0,
      "rate": 0.3152985074626865,
      "calibrated": true
    },
    "6": {
      "n": 6,
      "total": 0,
      "promoted": 0,
      "rate": 0.1630597014925373,
      "calibrated": true
    }
  },
  "stocks": [
    {
      "代码": "600403",
      "名称": "大有能源",
      "涨停原因": "焦煤期货大涨+煤炭开采+河南国资",
      "连板数": 5,
      "晋级概率": 0.29358452985074623,
      "封单占比": "1.0%",
      "大单封板": "否",
      "弱转强": "是",
      "涨跌幅": "10.00%",
      "最新价": 8.14,
      "换手率": "8.91%",
      "封板资金": "1698.16万",
      "成交额": 1682166896,
      "首次封板时间": "093643",
      "炸板次数": 9,
      "所属行业": "煤炭开采",
      "晋级概率_pct": 29.36,
      "题材簇": "煤炭/电力",
      "类似标的": "-"
    },
    {
      "代码": "603135",
      "名称": "中重科技",
      "涨停原因": "机器人+出海+新增订单+到期赎回",
      "连板数": 3,
      "晋级概率": 0.374903792750533,
      "封单占比": "12.4%",
      "大单封板": "是",
      "弱转强": "否",
      "涨跌幅": "10.04%",
      "最新价": 14.03,
      "换手率": "5.62%",
      "封板资金": "5761.58万",
      "成交额": 464075568,
      "首次封板时间": "104309",
      "炸板次数": 0,
      "所属行业": "专用设备",
      "晋级概率_pct": 37.49,
      "题材簇": "AI/算力/机器人",
      "类似标的": "同线: 泰坦股份 | 似近月龙头: 天娱数科"
    },
    {
      "代码": "603500",
      "名称": "祥和实业",
      "涨停原因": "超级电容+轨交扣件+产能扩张",
      "连板数": 2,
      "晋级概率": 0.3151478751044776,
      "封单占比": "253.2%",
      "大单封板": "强封",
      "弱转强": "否",
      "涨跌幅": "9.98%",
      "最新价": 12.23,
      "换手率": "1.62%",
      "封板资金": "1.67亿",
      "成交额": 65812602,
      "首次封板时间": "092502",
      "炸板次数": 0,
      "所属行业": "轨交设备",
      "晋级概率_pct": 31.51,
      "题材簇": "行业:轨交设备",
      "类似标的": "-"
    },
    {
      "代码": "000520",
      "名称": "凤凰航运",
      "涨停原因": "干散货航运+镍矿运输+一季度扭亏",
      "连板数": 2,
      "晋级概率": 0.3151478751044776,
      "封单占比": "38.9%",
      "大单封板": "强封",
      "弱转强": "否",
      "涨跌幅": "10.05%",
      "最新价": 4.6,
      "换手率": "3.86%",
      "封板资金": "6820.69万",
      "成交额": 175432181,
      "首次封板时间": "093212",
      "炸板次数": 0,
      "所属行业": "航运港口",
      "晋级概率_pct": 31.51,
      "题材簇": "行业:航运港口",
      "类似标的": "-"
    },
    {
      "代码": "003036",
      "名称": "泰坦股份",
      "涨停原因": "电子布纺织机+纺织机器人+固态电池+高端纺机",
      "连板数": 2,
      "晋级概率": 0.24857342686567163,
      "封单占比": "1.8%",
      "大单封板": "否",
      "弱转强": "是",
      "涨跌幅": "10.01%",
      "最新价": 82.35,
      "换手率": "7.59%",
      "封板资金": "2473.79万",
      "成交额": 1339718624,
      "首次封板时间": "093606",
      "炸板次数": 22,
      "所属行业": "专用设备",
      "晋级概率_pct": 24.86,
      "题材簇": "AI/算力/机器人",
      "类似标的": "同线: 中重科技 | 似近月龙头: 天娱数科"
    },
    {
      "代码": "600293",
      "名称": "三峡新材",
      "涨停原因": "电子玻璃+高端玻璃转型+硅材料基地+宜昌国资",
      "连板数": 2,
      "晋级概率": 0.24857342686567163,
      "封单占比": "5.3%",
      "大单封板": "否",
      "弱转强": "是",
      "涨跌幅": "10.00%",
      "最新价": 3.96,
      "换手率": "18.14%",
      "封板资金": "4301.33万",
      "成交额": 814235872,
      "首次封板时间": "095334",
      "炸板次数": 1,
      "所属行业": "玻璃玻纤",
      "晋级概率_pct": 24.86,
      "题材簇": "行业:玻璃玻纤",
      "类似标的": "-"
    }
  ],
  "by_boards": {
    "5": [
      {
        "代码": "600403",
        "名称": "大有能源",
        "涨停原因": "焦煤期货大涨+煤炭开采+河南国资",
        "连板数": 5,
        "晋级概率": 0.29358452985074623,
        "封单占比": "1.0%",
        "大单封板": "否",
        "弱转强": "是",
        "涨跌幅": "10.00%",
        "最新价": 8.14,
        "换手率": "8.91%",
        "封板资金": "1698.16万",
        "成交额": 1682166896,
        "首次封板时间": "093643",
        "炸板次数": 9,
        "所属行业": "煤炭开采",
        "晋级概率_pct": 29.36,
        "题材簇": "煤炭/电力",
        "类似标的": "-"
      }
    ],
    "3": [
      {
        "代码": "603135",
        "名称": "中重科技",
        "涨停原因": "机器人+出海+新增订单+到期赎回",
        "连板数": 3,
        "晋级概率": 0.374903792750533,
        "封单占比": "12.4%",
        "大单封板": "是",
        "弱转强": "否",
        "涨跌幅": "10.04%",
        "最新价": 14.03,
        "换手率": "5.62%",
        "封板资金": "5761.58万",
        "成交额": 464075568,
        "首次封板时间": "104309",
        "炸板次数": 0,
        "所属行业": "专用设备",
        "晋级概率_pct": 37.49,
        "题材簇": "AI/算力/机器人",
        "类似标的": "同线: 泰坦股份 | 似近月龙头: 天娱数科"
      }
    ],
    "2": [
      {
        "代码": "603500",
        "名称": "祥和实业",
        "涨停原因": "超级电容+轨交扣件+产能扩张",
        "连板数": 2,
        "晋级概率": 0.3151478751044776,
        "封单占比": "253.2%",
        "大单封板": "强封",
        "弱转强": "否",
        "涨跌幅": "9.98%",
        "最新价": 12.23,
        "换手率": "1.62%",
        "封板资金": "1.67亿",
        "成交额": 65812602,
        "首次封板时间": "092502",
        "炸板次数": 0,
        "所属行业": "轨交设备",
        "晋级概率_pct": 31.51,
        "题材簇": "行业:轨交设备",
        "类似标的": "-"
      },
      {
        "代码": "000520",
        "名称": "凤凰航运",
        "涨停原因": "干散货航运+镍矿运输+一季度扭亏",
        "连板数": 2,
        "晋级概率": 0.3151478751044776,
        "封单占比": "38.9%",
        "大单封板": "强封",
        "弱转强": "否",
        "涨跌幅": "10.05%",
        "最新价": 4.6,
        "换手率": "3.86%",
        "封板资金": "6820.69万",
        "成交额": 175432181,
        "首次封板时间": "093212",
        "炸板次数": 0,
        "所属行业": "航运港口",
        "晋级概率_pct": 31.51,
        "题材簇": "行业:航运港口",
        "类似标的": "-"
      },
      {
        "代码": "003036",
        "名称": "泰坦股份",
        "涨停原因": "电子布纺织机+纺织机器人+固态电池+高端纺机",
        "连板数": 2,
        "晋级概率": 0.24857342686567163,
        "封单占比": "1.8%",
        "大单封板": "否",
        "弱转强": "是",
        "涨跌幅": "10.01%",
        "最新价": 82.35,
        "换手率": "7.59%",
        "封板资金": "2473.79万",
        "成交额": 1339718624,
        "首次封板时间": "093606",
        "炸板次数": 22,
        "所属行业": "专用设备",
        "晋级概率_pct": 24.86,
        "题材簇": "AI/算力/机器人",
        "类似标的": "同线: 中重科技 | 似近月龙头: 天娱数科"
      },
      {
        "代码": "600293",
        "名称": "三峡新材",
        "涨停原因": "电子玻璃+高端玻璃转型+硅材料基地+宜昌国资",
        "连板数": 2,
        "晋级概率": 0.24857342686567163,
        "封单占比": "5.3%",
        "大单封板": "否",
        "弱转强": "是",
        "涨跌幅": "10.00%",