{
  "trade_date": "20260618",
  "min_boards": 2,
  "hist_pairs": 20,
  "calibration": {
    "lookback_pairs": 38,
    "min_boards": 2,
    "laplace_alpha": 1.0,
    "shrink_to_overall": 0.15,
    "board_rates": {
      "2": 0.2669583118888317,
      "3": 0.3518479033404406,
      "4": 0.2572330654420207,
      "5": 0.3152985074626865,
      "6": 0.1630597014925373
    },
    "overall_ge2_rate": 0.2835820895522388,
    "factor_multipliers": {
      "early_seal": 1.0121,
      "zero_zhaban": 1.08,
      "heavy_seal": 1.08,
      "big_order_seal": 0.9866,
      "weak_to_strong": 0.92
    },
    "backtest_summary": {
      "source": "15d_empirical_recalibration",
      "trade_days": 39,
      "stock_samples": 201,
      "actual_promotion_rate": 0.2835820895522388,
      "brier_before": 0.1963420939422876,
      "brier_after": 0.19472540728577367,
      "pair_days": [
        "20260427",
        "20260428",
        "20260429",
        "20260430",
        "20260506",
        "20260507",
        "20260508",
        "20260511",
        "20260512",
        "20260513",
        "20260514",
        "20260515",
        "20260518",
        "20260519",
        "20260520",
        "20260521",
        "20260522",
        "20260525",
        "20260526",
        "20260527",
        "20260528",
        "20260529",
        "20260601",
        "20260602",
        "20260603",
        "20260604",
        "20260605",
        "20260608",
        "20260609",
        "20260610",
        "20260611",
        "20260612",
        "20260615",
        "20260616",
        "20260617",
        "20260618",
        "20260622",
        "20260623",
        "20260624"
      ]
    }
  },
  "rates_by_board": {
    "1": {
      "n": 1,
      "total": 481,
      "promoted": 63,
      "rate": 0.13097713097713098
    },
    "2": {
      "n": 2,
      "total": 69,
      "promoted": 24,
      "rate": 0.2669583118888317,
      "calibrated": true
    },
    "3": {
      "n": 3,
      "total": 21,
      "promoted": 5,
      "rate": 0.3518479033404406,
      "calibrated": true
    },
    "4": {
      "n": 4,
      "total": 5,
      "promoted": 0,
      "rate": 0.2572330654420207,
      "calibrated": true
    },
    "5": {
      "n": 5,
      "total": 0,
      "promoted": 0,
      "rate": 0.3152985074626865,
      "calibrated": true
    },
    "6": {
      "n": 6,
      "total": 0,
      "promoted": 0,
      "rate": 0.1630597014925373,
      "calibrated": true
    }
  },
  "stocks": [
    {
      "代码": "600353",
      "名称": "旭光电子",
      "涨停原因": "氮化铝+可控核聚变+定增受理",
      "连板数": 4,
      "晋级概率": 0.30366709096670497,
      "封单占比": "25.6%",
      "大单封板": "强封",
      "弱转强": "否",
      "涨跌幅": "10.00%",
      "最新价": 42.01,
      "换手率": "3.94%",
      "封板资金": "3.47亿",
      "成交额": 1356910608,
      "首次封板时间": "093135",
      "炸板次数": 0,
      "所属行业": "其他电子",
      "晋级概率_pct": 30.37,
      "题材簇": "磷化铟/半导体材料",
      "类似标的": "同线: 中天精装、贤丰控股、中京电子"
    },
    {
      "代码": "603989",
      "名称": "艾华集团",
      "涨停原因": "MLPC+AI服务器+铝电解电容+薄膜电容",
      "连板数": 3,
      "晋级概率": 0.4153611787292111,
      "封单占比": "58.0%",
      "大单封板": "强封",
      "弱转强": "否",
      "涨跌幅": "9.99%",
      "最新价": 41.5,
      "换手率": "1.35%",
      "封板资金": "1.28亿",
      "成交额": 220419394,
      "首次封板时间": "093047",
      "炸板次数": 0,
      "所属行业": "元件",
      "晋级概率_pct": 41.54,
      "题材簇": "AI/算力/机器人",
      "类似标的": "同线: 冰轮环境、智微智能 | 似近月龙头: 天娱数科"
    },
    {
      "代码": "002141",
      "名称": "贤丰控股",
      "涨停原因": "覆铜板+PCB上游+扭亏为盈",
      "连板数": 3,
      "晋级概率": 0.4153611787292111,
      "封单占比": "44.1%",
      "大单封板": "强封",
      "弱转强": "否",
      "涨跌幅": "10.05%",
      "最新价": 4.71,
      "换手率": "5.39%",
      "封板资金": "1.14亿",
      "成交额": 257761541,
      "首次封板时间": "093109",
      "炸板次数": 0,
      "所属行业": "元件",
      "晋级概率_pct": 41.54,
      "题材簇": "磷化铟/半导体材料",
      "类似标的": "同线: 旭光电子、中天精装、中京电子 | 似近月龙头: 旭光电子"
    },
    {
      "代码": "002989",
      "名称": "中天精装",
      "涨停原因": "FCBGA封装基板+HBM+半导体转型+浙江国资",
      "连板数": 3,
      "晋级概率": 0.3276168419331911,
      "封单占比": "6.1%",
      "大单封板": "否",
      "弱转强": "是",
      "涨跌幅": "10.01%",
      "最新价": 37.37,
      "换手率": "11.37%",
      "封板资金": "4633.81万",
      "成交额": 761290992,
      "首次封板时间": "094839",
      "炸板次数": 9,
      "所属行业": "装修装饰",
      "晋级概率_pct": 32.76,
      "题材簇": "磷化铟/半导体材料",
      "类似标的": "同线: 旭光电子、贤丰控股、中京电子 | 似近月龙头: 旭光电子"
    },
    {
      "代码": "600397",
      "名称": "江钨装备",
      "涨停原因": "钨钽铌并购+磁选装备+江西国资",
      "连板数": 3,
      "晋级概率": 0.32370007107320536,
      "封单占比": "1.1%",
      "大单封板": "否",
      "弱转强": "是",
      "涨跌幅": "10.02%",
      "最新价": 20.2,
      "换手率": "15.53%",
      "封板资金": "3331.79万",
      "成交额": 2956050656,
      "首次封板时间": "140036",
      "炸板次数": 3,
      "所属行业": "专用设备",
      "晋级概率_pct": 32.37,
      "题材簇": "锆/小金属",
      "类似标的": "-"
    },
    {
      "代码": "000811",
      "名称": "冰轮环境",
      "涨停原因": "数据中心液冷+拟收购整合+权益分派+烟台国资",
      "连板数": 2,
      "晋级概率": 0.3151478751044776,
      "封单占比": "200.5%",
      "大单封板": "强封",
      "弱转强": "否",
      "涨跌幅": "9.99%",
      "最新价": 40.17,
      "换手率": "0.43%",
      "封板资金": "3.41亿",
      "成交额": 170190288,
      "首次封板时间": "092500",
      "炸板次数": 0,
      "所属行业": "通用设备",
      "晋级概率_pct": 31.51,
      "题材簇": "AI/算力/机器人",
      "类似标的": "同线: 艾华集团、智微智能 | 似近月龙头: 天娱数科"
    },
    {
      "代码": "002491",
      "名称": "通鼎互联",
      "涨停原因": "光纤光缆+产能扩张+数据中心",
      "连板数": 2,
      "晋级概率": 0.2878934199797015,
      "封单占比": "13.5%",
      "大单封板": "是",
      "弱转强": "否",
      "涨跌幅": "10.00%",
      "最新价": 31.58,
      "换手率": "4.71%",
      "封板资金": "2.32亿",
      "成交额": 1725393312,
      "首次封板时间": "093057",
      "炸板次数": 0,
      "所属行业": "通信设备",
      "晋级概率_pct": 28.79,
      "题材簇": "光纤/四氯化硅",
      "类似标的": "似近月龙头: 三孚股份、宏柏新材"
    },
    {
      "代码": "002579",
      "名称": "中京电子",
      "涨停原因": "定增通过+PCB+高阶HDI+AIPC",
      "连板数": 2,
      "晋级概率": 0.24857342686567163,
      "封单占比": "11.7%",
      "大单封板": "否",
      "弱转强": "是",
      "涨跌幅": "10.02%",
      "最新价": 20.32,
      "换手率": "12.15%",
      "封板资金": "1.66亿",
      "成交额": 1422120960,
      "首次封板时间": "093212",
      "炸板次数": 2,
      "所属行业": "元件",
      "晋级概率_pct": 24.86,
      "题材簇": "磷化铟/半导体材料",
      "类似标的": "同线: 旭光电子、中天精装、贤丰控股 | 似近月龙头: 旭光电子"
    },
    {
      "代码": "688598",
      "名称": "金博股份",
      "涨停原因": "氮化铝+碳陶制动盘+人形机器人",
      "连板数": 2,
      "晋级概率": 0.24857342686567163,
      "封单占比": "2.8%",
      "大单封板": "否",
      "弱转强": "是",
      "涨跌幅": "20.00%",
      "最新价": 59.75,
      "换手率": "14.99%",
      "封板资金": "5030.27万",
      "成交额": 1774749792,
      "首次封板时间": "093951",
      "炸板次数": 6,
      "所属行业": "非金属材",
      "晋级概率_pct": 24.86,
      "题材簇": "磷化铟/半导体材料",
      "类似标的": "同线: 旭光电子、中天精装、贤丰控股 | 似近月龙头: 旭光电子"
    },
    {
      "代码": "603324",
      "名称": "盛剑科技",
      "涨停原因": "半导体附属装备+电子化学品+股权激励",
      "连板数": 2,
      "晋级概率": 0.24560164693772515,
      "封单占比": "2.1%",
      "大单封板": "否",
      "弱转强": "是",
      "涨跌幅": "10.01%",
      "最新价": 43.1,
      "换手率": "12.44%",
      "封板资金": "1606.94万",
      "成交额": 765252352,
      "首次封板时间": "130447",
      "炸板次数": 5,
      "所属行业": "环保设备",
      "晋级概率_pct": 24.56,
      "题材簇": "磷化铟/半导体材料",
      "类似标的": "同线: 旭光电子、中天精装、贤丰控股 | 似近月龙头: 旭光电子"
    },
    {
      "代码": "603261",
      "名称": "立航科技",
      "涨停原因": "摘帽+航空装备+无人机",
      "连板数": 2,
      "晋级概率": 0.24524254294567163,
      "封单占比": "13.9%",
      "大单封板": "是",
      "弱转强": "是",
      "涨跌幅": "10.00%",
      "最新价": 44.77,
      "换手率": "3.39%",
      "封板资金": "1619.78万",
      "成交额": 116578928,
      "首次封板时间": "093115",
      "炸板次数": 4,
      "所属行业": "航空装备",
      "晋级概率_pct": 24.52,
      "题材簇": "行业:航空装备",
      "类似标的": "-"
    },
    {
      "代码": "001339",
      "名称": "智微智能",
      "涨停原因": "算力+人形机器人+定增募资+一季报增长",
      "连板数": 2,
      "晋级概率": 0.24524254294567163,
      "封单占比": "15.9%",
      "大单封板": "是",
      "弱转强": "是",
      "涨跌幅": "10.00%",
      "最新价": 126.93,
      "换手率": "6.22%",
      "封板资金": "1.54亿",
      "成交额": 966307680,
      "首次封板时间": "094339",
      "炸板次数": 2,