{
  "trade_date": "20260609",
  "min_boards": 2,
  "hist_pairs": 20,
  "calibration": {
    "lookback_pairs": 38,
    "min_boards": 2,
    "laplace_alpha": 1.0,
    "shrink_to_overall": 0.15,
    "board_rates": {
      "2": 0.2669583118888317,
      "3": 0.3518479033404406,
      "4": 0.2572330654420207,
      "5": 0.3152985074626865,
      "6": 0.1630597014925373
    },
    "overall_ge2_rate": 0.2835820895522388,
    "factor_multipliers": {
      "early_seal": 1.0121,
      "zero_zhaban": 1.08,
      "heavy_seal": 1.08,
      "big_order_seal": 0.9866,
      "weak_to_strong": 0.92
    },
    "backtest_summary": {
      "source": "15d_empirical_recalibration",
      "trade_days": 39,
      "stock_samples": 201,
      "actual_promotion_rate": 0.2835820895522388,
      "brier_before": 0.1963420939422876,
      "brier_after": 0.19472540728577367,
      "pair_days": [
        "20260427",
        "20260428",
        "20260429",
        "20260430",
        "20260506",
        "20260507",
        "20260508",
        "20260511",
        "20260512",
        "20260513",
        "20260514",
        "20260515",
        "20260518",
        "20260519",
        "20260520",
        "20260521",
        "20260522",
        "20260525",
        "20260526",
        "20260527",
        "20260528",
        "20260529",
        "20260601",
        "20260602",
        "20260603",
        "20260604",
        "20260605",
        "20260608",
        "20260609",
        "20260610",
        "20260611",
        "20260612",
        "20260615",
        "20260616",
        "20260617",
        "20260618",
        "20260622",
        "20260623",
        "20260624"
      ]
    }
  },
  "rates_by_board": {
    "1": {
      "n": 1,
      "total": 234,
      "promoted": 29,
      "rate": 0.12393162393162394
    },
    "2": {
      "n": 2,
      "total": 27,
      "promoted": 5,
      "rate": 0.2669583118888317,
      "calibrated": true
    },
    "3": {
      "n": 3,
      "total": 8,
      "promoted": 4,
      "rate": 0.3518479033404406,
      "calibrated": true
    },
    "4": {
      "n": 4,
      "total": 4,
      "promoted": 1,
      "rate": 0.2572330654420207,
      "calibrated": true
    },
    "5": {
      "n": 5,
      "total": 1,
      "promoted": 1,
      "rate": 0.3152985074626865,
      "calibrated": true
    },
    "6": {
      "n": 6,
      "total": 1,
      "promoted": 0,
      "rate": 0.1630597014925373,
      "calibrated": true
    }
  },
  "stocks": [
    {
      "代码": "002254",
      "名称": "泰和新材",
      "涨停原因": "光纤光缆+芳纶隔膜+烟台国资",
      "连板数": 3,
      "晋级概率": 0.37999573560767586,
      "封单占比": "2.3%",
      "大单封板": "否",
      "弱转强": "否",
      "涨跌幅": "10.01%",
      "最新价": 18.79,
      "换手率": "17.41%",
      "封板资金": "6059.59万",
      "成交额": 2683977728,
      "首次封板时间": "112927",
      "炸板次数": 0,
      "所属行业": "化学纤维",
      "晋级概率_pct": 38.0,
      "题材簇": "磷化铟/半导体材料",
      "类似标的": "同线: 亚翔集成、华正新材、金安国纪 | 似近月龙头: 旭光电子"
    },
    {
      "代码": "002354",
      "名称": "天娱数科",
      "涨停原因": "物理AI+具身智能数据集+AI应用",
      "连板数": 3,
      "晋级概率": 0.3276168419331911,
      "封单占比": "3.7%",
      "大单封板": "否",
      "弱转强": "是",
      "涨跌幅": "9.96%",
      "最新价": 8.06,
      "换手率": "29.25%",
      "封板资金": "1.40亿",
      "成交额": 3789546432,
      "首次封板时间": "093348",
      "炸板次数": 11,
      "所属行业": "广告营销",
      "晋级概率_pct": 32.76,
      "题材簇": "AI/算力/机器人",
      "类似标的": "同线: 埃斯顿、格灵深瞳、汉王科技"
    },
    {
      "代码": "603616",
      "名称": "韩建河山",
      "涨停原因": "拟收购PEEK龙头+PCCP+中标大单",
      "连板数": 2,
      "晋级概率": 0.3151478751044776,
      "封单占比": "130.9%",
      "大单封板": "强封",
      "弱转强": "否",
      "涨跌幅": "9.95%",
      "最新价": 7.29,
      "换手率": "2.48%",
      "封板资金": "9080.06万",
      "成交额": 69388553,
      "首次封板时间": "092501",
      "炸板次数": 0,
      "所属行业": "水泥",
      "晋级概率_pct": 31.51,
      "题材簇": "行业:水泥",
      "类似标的": "-"
    },
    {
      "代码": "002636",
      "名称": "金安国纪",
      "涨停原因": "覆铜板满产满销+定增高等级覆铜板+一季报增长",
      "连板数": 2,
      "晋级概率": 0.3151478751044776,
      "封单占比": "29.5%",
      "大单封板": "强封",
      "弱转强": "否",
      "涨跌幅": "10.00%",
      "最新价": 70.38,
      "换手率": "1.98%",
      "封板资金": "2.96亿",
      "成交额": 1006174432,
      "首次封板时间": "093054",
      "炸板次数": 0,
      "所属行业": "元件",
      "晋级概率_pct": 31.51,
      "题材簇": "磷化铟/半导体材料",
      "类似标的": "同线: 泰和新材、亚翔集成、华正新材 | 似近月龙头: 旭光电子"
    },
    {
      "代码": "603929",
      "名称": "亚翔集成",
      "涨停原因": "半导体洁净室+新加坡布局+一季报倍增",
      "连板数": 2,
      "晋级概率": 0.2918035880597015,
      "封单占比": "8.7%",
      "大单封板": "否",
      "弱转强": "否",
      "涨跌幅": "10.00%",
      "最新价": 205.81,
      "换手率": "1.54%",
      "封板资金": "5836.77万",
      "成交额": 671810736,
      "首次封板时间": "093230",
      "炸板次数": 0,
      "所属行业": "专业工程",
      "晋级概率_pct": 29.18,
      "题材簇": "磷化铟/半导体材料",
      "类似标的": "同线: 泰和新材、华正新材、金安国纪 | 似近月龙头: 旭光电子"
    },
    {
      "代码": "002747",
      "名称": "埃斯顿",
      "涨停原因": "人形机器人+工业机器人出货量第一+具身智能",
      "连板数": 2,
      "晋级概率": 0.2918035880597015,
      "封单占比": "9.6%",
      "大单封板": "否",
      "弱转强": "否",
      "涨跌幅": "9.99%",
      "最新价": 37.53,
      "换手率": "9.70%",
      "封板资金": "2.68亿",
      "成交额": 2777157760,
      "首次封板时间": "094109",
      "炸板次数": 0,
      "所属行业": "自动化设",
      "晋级概率_pct": 29.18,
      "题材簇": "AI/算力/机器人",
      "类似标的": "同线: 天娱数科、格灵深瞳、汉王科技 | 似近月龙头: 天娱数科"
    },
    {
      "代码": "603186",
      "名称": "华正新材",
      "涨停原因": "覆铜板涨价+AI算力+定增扩产",
      "连板数": 2,
      "晋级概率": 0.28831497683993823,
      "封单占比": "3.7%",
      "大单封板": "否",
      "弱转强": "否",
      "涨跌幅": "10.00%",
      "最新价": 149.63,
      "换手率": "12.48%",
      "封板资金": "1.03亿",
      "成交额": 2811138800,
      "首次封板时间": "110611",
      "炸板次数": 0,
      "所属行业": "元件",
      "晋级概率_pct": 28.83,
      "题材簇": "磷化铟/半导体材料",
      "类似标的": "同线: 泰和新材、亚翔集成、金安国纪 | 似近月龙头: 旭光电子"
    },
    {
      "代码": "002362",
      "名称": "汉王科技",
      "涨停原因": "具身智能+仿生飞行器+AI应用",
      "连板数": 2,
      "晋级概率": 0.24857342686567163,
      "封单占比": "11.4%",
      "大单封板": "否",
      "弱转强": "是",
      "涨跌幅": "10.01%",
      "最新价": 19.68,
      "换手率": "11.24%",
      "封板资金": "5137.66万",
      "成交额": 449182240,
      "首次封板时间": "093454",
      "炸板次数": 1,
      "所属行业": "软件开发",
      "晋级概率_pct": 24.86,
      "题材簇": "AI/算力/机器人",
      "类似标的": "同线: 天娱数科、埃斯顿、格灵深瞳 | 似近月龙头: 天娱数科"
    },
    {
      "代码": "688207",
      "名称": "格灵深瞳",
      "涨停原因": "视觉AI+多模态大模型+机器人概念",
      "连板数": 2,
      "晋级概率": 0.24857342686567163,
      "封单占比": "2.0%",
      "大单封板": "否",
      "弱转强": "是",
      "涨跌幅": "20.01%",
      "最新价": 20.93,
      "换手率": "18.58%",
      "封板资金": "1824.25万",
      "成交额": 934822160,
      "首次封板时间": "102942",
      "炸板次数": 1,
      "所属行业": "IT服务Ⅱ",
      "晋级概率_pct": 24.86,
      "题材簇": "AI/算力/机器人",
      "类似标的": "同线: 天娱数科、埃斯顿、汉王科技 | 似近月龙头: 天娱数科"
    },
    {
      "代码": "001696",
      "名称": "宗申动力",
      "涨停原因": "低空经济+航空发动机+资产置换+通用机械",
      "连板数": 2,
      "晋级概率": 0.24524254294567163,
      "封单占比": "16.2%",
      "大单封板": "是",
      "弱转强": "是",
      "涨跌幅": "10.03%",
      "最新价": 17.55,
      "换手率": "7.78%",
      "封板资金": "1.92亿",
      "成交额": 1189517728,
      "首次封板时间": "093742",
      "炸板次数": 2,
      "所属行业": "通用设备",
      "晋级概率_pct": 24.52,
      "题材簇": "行业:通用设备",
      "类似标的": "-"
    }
  ],
  "by_boards": {
    "3": [
      {
        "代码": "002254",
        "名称": "泰和新材",
        "涨停原因": "光纤光缆+芳纶隔膜+烟台国资",
        "连板数": 3,
        "晋级概率": 0.37999573560767586,
        "封单占比": "2.3%",
        "大单封板": "否",
        "弱转强": "否",
        "涨跌幅": "10.01%",
        "最新价": 18.79,
        "换手率": "17.41%",
        "封板资金": "6059.59万",
        "成交额": 2683977728,
        "首次封板时间": "112927",
        "炸板次数": 0,
        "所属行业": "化学纤维",
        "晋级概率_pct": 38.0,
        "题材簇": "磷化铟/半导体材料",
        "类似标的": "同线: 亚翔集成、华正新材、金安国纪 | 似近月龙头: 旭光电子"
      },
      {
        "代码": "002354",
        "名称": "天娱数科",
        "涨停原因": "物理AI+具身智能数据集+AI应用",
        "连板数": 3,
        "晋级概率": 0.3276168419331911,
        "封单占比": "3.7%",
        "大单封板": "否",
        "弱转强": "是",
        "涨跌幅": "9.96%",
        "最新价": 8.06,