{
  "trade_date": "20260427",
  "min_boards": 2,
  "hist_pairs": 20,
  "calibration": {
    "lookback_pairs": 14,
    "min_boards": 2,
    "laplace_alpha": 1.0,
    "shrink_to_overall": 0.15,
    "board_rates": {
      "2": 0.2525395866881374,
      "3": 0.38632087465039405,
      "4": 0.40893719806763285,
      "5": 0.3942632850241546,
      "6": 0.3193236714975845,
      "7": 0.16944444444444443
    },
    "overall_ge2_rate": 0.2946859903381642,
    "factor_multipliers": {
      "early_seal": 1.0181,
      "zero_zhaban": 1.0263,
      "heavy_seal": 1.08,
      "big_order_seal": 1.08,
      "weak_to_strong": 0.9749
    },
    "backtest_summary": {
      "source": "15d_empirical_recalibration",
      "trade_days": 15,
      "stock_samples": 207,
      "actual_promotion_rate": 0.2946859903381642,
      "brier_before": 0.2009011882313644,
      "brier_after": 0.19990009947161036,
      "pair_days": [
        "20260427",
        "20260428",
        "20260429",
        "20260430",
        "20260506",
        "20260507",
        "20260508",
        "20260511",
        "20260512",
        "20260513",
        "20260514",
        "20260515",
        "20260518",
        "20260519",
        "20260520"
      ]
    }
  },
  "rates_by_board": {
    "1": {
      "n": 1,
      "total": 51,
      "promoted": 6,
      "rate": 0.11764705882352941
    },
    "2": {
      "n": 2,
      "total": 6,
      "promoted": 2,
      "rate": 0.2525395866881374,
      "calibrated": true
    },
    "3": {
      "n": 3,
      "total": 2,
      "promoted": 1,
      "rate": 0.38632087465039405,
      "calibrated": true
    },
    "4": {
      "n": 4,
      "total": 0,
      "promoted": 0,
      "rate": 0.40893719806763285,
      "calibrated": true
    },
    "5": {
      "n": 5,
      "total": 0,
      "promoted": 0,
      "rate": 0.3942632850241546,
      "calibrated": true
    },
    "6": {
      "n": 6,
      "total": 0,
      "promoted": 0,
      "rate": 0.3193236714975845,
      "calibrated": true
    },
    "7": {
      "n": 7,
      "total": 0,
      "promoted": 0,
      "rate": 0.16944444444444443,
      "calibrated": true
    }
  },
  "stocks": [
    {
      "代码": "603318",
      "名称": "水发燃气",
      "连板数": 4,
      "晋级概率": 0.4058888534227053,
      "大单封板": "否",
      "弱转强": "是",
      "涨跌幅": "10.01%",
      "最新价": 12.53,
      "换手率": "20.52%",
      "封板资金": "4788.59万",
      "首次封板时间": "093035",
      "炸板次数": 7,
      "所属行业": "燃气Ⅱ",
      "晋级概率_pct": 40.59,
      "涨停原因": "氦气+燃气轮机掺氢+山东国资",
      "封单占比": "4.1%"
    },
    {
      "代码": "000925",
      "名称": "众合科技",
      "连板数": 3,
      "晋级概率": 0.43595001555569785,
      "大单封板": "强封",
      "弱转强": "否",
      "涨跌幅": "10.00%",
      "最新价": 10.12,
      "换手率": "2.02%",
      "封板资金": "3.82亿",
      "首次封板时间": "092500",
      "炸板次数": 0,
      "所属行业": "轨交设备",
      "晋级概率_pct": 43.6,
      "涨停原因": "算力租赁+商业航天+智慧交通",
      "封单占比": "277.5%"
    },
    {
      "代码": "600726",
      "名称": "华电能源",
      "连板数": 3,
      "晋级概率": 0.38344111909127887,
      "大单封板": "否",
      "弱转强": "是",
      "涨跌幅": "10.00%",
      "最新价": 6.38,
      "换手率": "7.65%",
      "封板资金": "885.86万",
      "首次封板时间": "093114",
      "炸板次数": 23,
      "所属行业": "电力",
      "晋级概率_pct": 38.34,
      "涨停原因": "一季报增长+绿电转型+热电联产+央企",
      "封单占比": "0.3%"
    },
    {
      "代码": "003036",
      "名称": "泰坦股份",
      "连板数": 2,
      "晋级概率": 0.2849823656170652,
      "大单封板": "强封",
      "弱转强": "否",
      "涨跌幅": "10.00%",
      "最新价": 36.95,
      "换手率": "1.57%",
      "封板资金": "1.11亿",
      "首次封板时间": "093003",
      "炸板次数": 0,
      "所属行业": "专用设备",
      "晋级概率_pct": 28.5,
      "涨停原因": "高端纺机+电子布纺织机+固态电池+纺织机器人",
      "封单占比": "88.8%"
    },
    {
      "代码": "000062",
      "名称": "深圳华强",
      "连板数": 2,
      "晋级概率": 0.25065707832169215,
      "大单封板": "否",
      "弱转强": "是",
      "涨跌幅": "9.99%",
      "最新价": 37.77,
      "换手率": "10.29%",
      "封板资金": "1.14亿",
      "首次封板时间": "093748",
      "炸板次数": 11,
      "所属行业": "其他电子",
      "晋级概率_pct": 25.07,
      "涨停原因": "华为昇腾+分销龙头+存储芯片+一季报预增",
      "封单占比": "2.9%"
    },
    {
      "代码": "603272",
      "名称": "联翔股份",
      "连板数": 2,
      "晋级概率": 0.2707096445874275,
      "大单封板": "强封",
      "弱转强": "是",
      "涨跌幅": "10.00%",
      "最新价": 24.3,
      "换手率": "5.72%",
      "封板资金": "3340.52万",
      "首次封板时间": "093213",
      "炸板次数": 1,
      "所属行业": "家居用品",
      "晋级概率_pct": 27.07,
      "涨停原因": "超跌反弹+墙布龙头+智能家居窗帘",
      "封单占比": "23.3%"
    },
    {
      "代码": "600338",
      "名称": "西藏珠峰",
      "连板数": 2,
      "晋级概率": 0.25065707832169215,
      "大单封板": "否",
      "弱转强": "是",
      "涨跌幅": "10.01%",
      "最新价": 24.83,
      "换手率": "13.07%",
      "封板资金": "3352.78万",
      "首次封板时间": "093745",
      "炸板次数": 2,
      "所属行业": "工业金属",
      "晋级概率_pct": 25.07,
      "涨停原因": "盐湖提锂+业绩高增+资产聚焦",
      "封单占比": "1.2%"
    },
    {
      "代码": "001211",
      "名称": "双枪科技",
      "连板数": 2,
      "晋级概率": 0.24620084306226517,
      "大单封板": "否",
      "弱转强": "是",
      "涨跌幅": "10.01%",
      "最新价": 38.01,
      "换手率": "17.20%",
      "封板资金": "2120.20万",
      "首次封板时间": "103736",
      "炸板次数": 2,
      "所属行业": "家居用品",
      "晋级概率_pct": 24.62,
      "涨停原因": "金钢瓷放量+竹基禾塑托盘+全竹产业链",
      "封单占比": "4.9%"
    },
    {
      "代码": "600152",
      "名称": "维科技术",
      "连板数": 2,
      "晋级概率": 0.24620084306226517,
      "大单封板": "否",
      "弱转强": "是",
      "涨跌幅": "10.03%",
      "最新价": 14.26,
      "换手率": "27.84%",
      "封板资金": "4883.43万",
      "首次封板时间": "130114",
      "炸板次数": 2,
      "所属行业": "电池",
      "晋级概率_pct": 24.62,
      "涨停原因": "钠电储能+高倍率电池扩产+锂电产业链",
      "封单占比": "2.5%"
    }
  ],
  "by_boards": {
    "4": [
      {
        "代码": "603318",
        "名称": "水发燃气",
        "连板数": 4,
        "晋级概率": 0.4058888534227053,
        "大单封板": "否",
        "弱转强": "是",
        "涨跌幅": "10.01%",
        "最新价": 12.53,
        "换手率": "20.52%",
        "封板资金": "4788.59万",
        "首次封板时间": "093035",
        "炸板次数": 7,
        "所属行业": "燃气Ⅱ",
        "晋级概率_pct": 40.59,
        "涨停原因": "氦气+燃气轮机掺氢+山东国资",
        "封单占比": "4.1%"
      }
    ],
    "3": [
      {
        "代码": "000925",
        "名称": "众合科技",
        "连板数": 3,
        "晋级概率": 0.43595001555569785,
        "大单封板": "强封",
        "弱转强": "否",
        "涨跌幅": "10.00%",
        "最新价": 10.12,
        "换手率": "2.02%",
        "封板资金": "3.82亿",
        "首次封板时间": "092500",
        "炸板次数": 0,
        "所属行业": "轨交设备",
        "晋级概率_pct": 43.6,
        "涨停原因": "算力租赁+商业航天+智慧交通",
        "封单占比": "277.5%"
      },
      {
        "代码": "600726",
        "名称": "华电能源",
        "连板数": 3,
        "晋级概率": 0.38344111909127887,
        "大单封板": "否",
        "弱转强": "是",
        "涨跌幅": "10.00%",
        "最新价": 6.38,
        "换手率": "7.65%",
        "封板资金": "885.86万",
        "首次封板时间": "093114",
        "炸板次数": 23,
        "所属行业": "电力",
        "晋级概率_pct": 38.34,
        "涨停原因": "一季报增长+绿电转型+热电联产+央企",
        "封单占比": "0.3%"
      }
    ],
    "2": [
      {
        "代码": "003036",
        "名称": "泰坦股份",
        "连板数": 2,
        "晋级概率": 0.2849823656170652,
        "大单封板": "强封",
        "弱转强": "否",
        "涨跌幅": "10.00%",
        "最新价": 36.95,
        "换手率": "1.57%",
        "封板资金": "1.11亿",
        "首次封板时间": "093003",
        "炸板次数": 0,
        "所属行业": "专用设备",
        "晋级概率_pct": 28.5,
        "涨停原因": "高端纺机+电子布纺织机+固态电池+纺织机器人",
        "封单占比": "88.8%"
      },
      {
        "代码": "603272",
        "名称": "联翔股份",
        "连板数": 2,
        "晋级概率": 0.2707096445874275,
        "大单封板": "强封",
        "弱转强": "是",
        "涨跌幅": "10.00%",
        "最新价": 24.3,
        "换手率": "5.72%",
        "封板资金": "3340.52万",
        "首次封板时间": "093213",
        "炸板次数": 1,
        "所属行业": "家居用品",
        "晋级概率_pct": 27.07,
        "涨停原因": "超跌反弹+墙布龙头+智能家居窗帘",
        "封单占比": "23.3%"
      },
      {
        "代码": "000062",
        "名称": "深圳华强",
        "连板数": 2,
        "晋级概率": 0.25065707832169215,
        "大单封板": "否",
        "弱转强": "是",
        "涨跌幅": "9.99%",
        "最新价": 37.77,
        "换手率": "10.29%",
        "封板资金": "1.14亿",
        "首次封板时间": "093748",