{
  "trade_date": "20260527",
  "min_boards": 2,
  "hist_pairs": 20,
  "calibration": {
    "lookback_pairs": 29,
    "min_boards": 2,
    "laplace_alpha": 1.0,
    "shrink_to_overall": 0.15,
    "board_rates": {
      "2": 0.26257090991604265,
      "3": 0.3729885057471265,
      "4": 0.27478632478632475,
      "5": 0.31474358974358974,
      "6": 0.16217948717948716,
      "7": 0.16217948717948716
    },
    "overall_ge2_rate": 0.28205128205128205,
    "factor_multipliers": {
      "early_seal": 1.0506,
      "zero_zhaban": 1.0569,
      "heavy_seal": 1.08,
      "big_order_seal": 1.08,
      "weak_to_strong": 0.9635
    },
    "backtest_summary": {
      "source": "15d_empirical_recalibration",
      "trade_days": 30,
      "stock_samples": 156,
      "actual_promotion_rate": 0.28205128205128205,
      "brier_before": 0.19513640904203408,
      "brier_after": 0.19513640904203408,
      "pair_days": [
        "20260427",
        "20260428",
        "20260429",
        "20260430",
        "20260506",
        "20260507",
        "20260508",
        "20260511",
        "20260512",
        "20260513",
        "20260514",
        "20260515",
        "20260518",
        "20260519",
        "20260520",
        "20260521",
        "20260522",
        "20260525",
        "20260526",
        "20260527",
        "20260528",
        "20260529",
        "20260601",
        "20260602",
        "20260603",
        "20260604",
        "20260605",
        "20260608",
        "20260609",
        "20260610"
      ]
    }
  },
  "rates_by_board": {
    "1": {
      "n": 1,
      "total": 246,
      "promoted": 41,
      "rate": 0.16666666666666666
    },
    "2": {
      "n": 2,
      "total": 40,
      "promoted": 12,
      "rate": 0.26257090991604265,
      "calibrated": true
    },
    "3": {
      "n": 3,
      "total": 9,
      "promoted": 1,
      "rate": 0.3729885057471265,
      "calibrated": true
    },
    "4": {
      "n": 4,
      "total": 2,
      "promoted": 0,
      "rate": 0.27478632478632475,
      "calibrated": true
    },
    "7": {
      "n": 7,
      "total": 1,
      "promoted": 0,
      "rate": 0.16217948717948716,
      "calibrated": true
    },
    "5": {
      "n": 5,
      "total": 0,
      "promoted": 0,
      "rate": 0.31474358974358974,
      "calibrated": true
    },
    "6": {
      "n": 6,
      "total": 0,
      "promoted": 0,
      "rate": 0.16217948717948716,
      "calibrated": true
    }
  },
  "stocks": [
    {
      "代码": "600726",
      "名称": "华电能源",
      "涨停原因": "煤炭产销+热电联产+扭亏为盈+央企",
      "连板数": 3,
      "晋级概率": 0.4472913487406897,
      "封单占比": "18.1%",
      "大单封板": "是",
      "弱转强": "否",
      "涨跌幅": "9.99%",
      "最新价": 8.37,
      "换手率": "1.72%",
      "封板资金": "1.91亿",
      "成交额": 1056065408,
      "首次封板时间": "093554",
      "炸板次数": 0,
      "所属行业": "电力",
      "晋级概率_pct": 44.73
    },
    {
      "代码": "600162",
      "名称": "香江控股",
      "涨停原因": "广州地产项目+家居商贸+养老服务+低价股",
      "连板数": 3,
      "晋级概率": 0.4077634729034484,
      "封单占比": "18.3%",
      "大单封板": "是",
      "弱转强": "是",
      "涨跌幅": "10.00%",
      "最新价": 2.31,
      "换手率": "4.79%",
      "封板资金": "6559.75万",
      "成交额": 357973280,
      "首次封板时间": "093041",
      "炸板次数": 1,
      "所属行业": "房地产开",
      "晋级概率_pct": 40.78
    },
    {
      "代码": "000509",
      "名称": "华塑控股",
      "涨停原因": "PCB钻针澄清+显示终端+CCER+拟定增",
      "连板数": 3,
      "晋级概率": 0.37755877120689657,
      "封单占比": "8.1%",
      "大单封板": "否",
      "弱转强": "是",
      "涨跌幅": "9.92%",
      "最新价": 5.21,
      "换手率": "22.73%",
      "封板资金": "9886.44万",
      "成交额": 1222833312,
      "首次封板时间": "093309",
      "炸板次数": 2,
      "所属行业": "光学光电",
      "晋级概率_pct": 37.76
    },
    {
      "代码": "002251",
      "名称": "步步高",
      "涨停原因": "零售+胖东来调改+摘帽",
      "连板数": 2,
      "晋级概率": 0.2775111946902655,
      "封单占比": "7.6%",
      "大单封板": "否",
      "弱转强": "否",
      "涨跌幅": "10.12%",
      "最新价": 4.57,
      "换手率": "13.25%",
      "封板资金": "9331.63万",
      "成交额": 1226781056,
      "首次封板时间": "111842",
      "炸板次数": 0,
      "所属行业": "一般零售",
      "晋级概率_pct": 27.75
    },
    {
      "代码": "002579",
      "名称": "中京电子",
      "涨停原因": "PCB+高阶HDI+定增扩产",
      "连板数": 2,
      "晋级概率": 0.2657882175323349,
      "封单占比": "9.5%",
      "大单封板": "否",
      "弱转强": "是",
      "涨跌幅": "9.97%",
      "最新价": 16.54,
      "换手率": "17.57%",
      "封板资金": "1.60亿",
      "成交额": 1691048192,
      "首次封板时间": "092500",
      "炸板次数": 4,
      "所属行业": "元件",
      "晋级概率_pct": 26.58
    },
    {
      "代码": "002771",
      "名称": "真视通",
      "涨停原因": "液冷算力+高压快充+多媒体视讯",
      "连板数": 2,
      "晋级概率": 0.2657882175323349,
      "封单占比": "6.3%",
      "大单封板": "否",
      "弱转强": "是",
      "涨跌幅": "10.01%",
      "最新价": 16.49,
      "换手率": "20.10%",
      "封板资金": "3586.25万",
      "成交额": 569485264,
      "首次封板时间": "093354",
      "炸板次数": 1,
      "所属行业": "IT服务Ⅱ",
      "晋级概率_pct": 26.58
    },
    {
      "代码": "001257",
      "名称": "盛龙股份",
      "涨停原因": "钼+算力上游+航天上游+洛阳国资",
      "连板数": 2,
      "晋级概率": 0.2657882175323349,
      "封单占比": "8.3%",
      "大单封板": "否",
      "弱转强": "是",
      "涨跌幅": "9.99%",
      "最新价": 28.41,
      "换手率": "29.16%",
      "封板资金": "9268.56万",
      "成交额": 1115464816,
      "首次封板时间": "093839",
      "炸板次数": 1,
      "所属行业": "小金属",
      "晋级概率_pct": 26.58
    },
    {
      "代码": "000759",
      "名称": "中百集团",
      "涨停原因": "百货零售+新零售+国企改革",
      "连板数": 2,
      "晋级概率": 0.2529870717041071,
      "封单占比": "2.4%",
      "大单封板": "否",
      "弱转强": "是",
      "涨跌幅": "9.96%",
      "最新价": 6.07,
      "换手率": "20.64%",
      "封板资金": "1842.50万",
      "成交额": 779076656,
      "首次封板时间": "112545",
      "炸板次数": 1,
      "所属行业": "一般零售",
      "晋级概率_pct": 25.3
    }
  ],
  "by_boards": {
    "3": [
      {
        "代码": "600726",
        "名称": "华电能源",
        "涨停原因": "煤炭产销+热电联产+扭亏为盈+央企",
        "连板数": 3,
        "晋级概率": 0.4472913487406897,
        "封单占比": "18.1%",
        "大单封板": "是",
        "弱转强": "否",
        "涨跌幅": "9.99%",
        "最新价": 8.37,
        "换手率": "1.72%",
        "封板资金": "1.91亿",
        "成交额": 1056065408,
        "首次封板时间": "093554",
        "炸板次数": 0,
        "所属行业": "电力",
        "晋级概率_pct": 44.73
      },
      {
        "代码": "600162",
        "名称": "香江控股",
        "涨停原因": "广州地产项目+家居商贸+养老服务+低价股",
        "连板数": 3,
        "晋级概率": 0.4077634729034484,
        "封单占比": "18.3%",
        "大单封板": "是",
        "弱转强": "是",
        "涨跌幅": "10.00%",
        "最新价": 2.31,
        "换手率": "4.79%",
        "封板资金": "6559.75万",
        "成交额": 357973280,
        "首次封板时间": "093041",
        "炸板次数": 1,
        "所属行业": "房地产开",
        "晋级概率_pct": 40.78
      },
      {
        "代码": "000509",
        "名称": "华塑控股",
        "涨停原因": "PCB钻针澄清+显示终端+CCER+拟定增",
        "连板数": 3,
        "晋级概率": 0.37755877120689657,
        "封单占比": "8.1%",
        "大单封板": "否",
        "弱转强": "是",
        "涨跌幅": "9.92%",
        "最新价": 5.21,
        "换手率": "22.73%",
        "封板资金": "9886.44万",
        "成交额": 1222833312,
        "首次封板时间": "093309",
        "炸板次数": 2,
        "所属行业": "光学光电",
        "晋级概率_pct": 37.76
      }
    ],
    "2": [
      {
        "代码": "002251",
        "名称": "步步高",
        "涨停原因": "零售+胖东来调改+摘帽",
        "连板数": 2,
        "晋级概率": 0.2775111946902655,
        "封单占比": "7.6%",
        "大单封板": "否",
        "弱转强": "否",
        "涨跌幅": "10.12%",
        "最新价": 4.57,
        "换手率": "13.25%",
        "封板资金": "9331.63万",
        "成交额": 1226781056,
        "首次封板时间": "111842",
        "炸板次数": 0,
        "所属行业": "一般零售",
        "晋级概率_pct": 27.75
      },
      {
        "代码": "002579",
        "名称": "中京电子",
        "涨停原因": "PCB+高阶HDI+定增扩产",
        "连板数": 2,
        "晋级概率": 0.2657882175323349,
        "封单占比": "9.5%",
        "大单封板": "否",
        "弱转强": "是",
        "涨跌幅": "9.97%",
        "最新价": 16.54,
        "换手率": "17.57%",
        "封板资金": "1.60亿",
        "成交额": 1691048192,
        "首次封板时间": "092500",
        "炸板次数": 4,
        "所属行业": "元件",
        "晋级概率_pct": 26.58
      },
      {
        "代码": "002771",
        "名称": "真视通",