{
  "trade_date": "20260710",
  "min_boards": 2,
  "hist_pairs": 20,
  "calibration": {
    "lookback_pairs": 38,
    "min_boards": 2,
    "laplace_alpha": 1.0,
    "shrink_to_overall": 0.15,
    "board_rates": {
      "2": 0.2669583118888317,
      "3": 0.3518479033404406,
      "4": 0.2572330654420207,
      "5": 0.3152985074626865,
      "6": 0.1630597014925373
    },
    "overall_ge2_rate": 0.2835820895522388,
    "factor_multipliers": {
      "early_seal": 1.0121,
      "zero_zhaban": 1.08,
      "heavy_seal": 1.08,
      "big_order_seal": 0.9866,
      "weak_to_strong": 0.92
    },
    "backtest_summary": {
      "source": "15d_empirical_recalibration",
      "trade_days": 39,
      "stock_samples": 201,
      "actual_promotion_rate": 0.2835820895522388,
      "brier_before": 0.1963420939422876,
      "brier_after": 0.19472540728577367,
      "pair_days": [
        "20260427",
        "20260428",
        "20260429",
        "20260430",
        "20260506",
        "20260507",
        "20260508",
        "20260511",
        "20260512",
        "20260513",
        "20260514",
        "20260515",
        "20260518",
        "20260519",
        "20260520",
        "20260521",
        "20260522",
        "20260525",
        "20260526",
        "20260527",
        "20260528",
        "20260529",
        "20260601",
        "20260602",
        "20260603",
        "20260604",
        "20260605",
        "20260608",
        "20260609",
        "20260610",
        "20260611",
        "20260612",
        "20260615",
        "20260616",
        "20260617",
        "20260618",
        "20260622",
        "20260623",
        "20260624"
      ]
    }
  },
  "rates_by_board": {
    "1": {
      "n": 1,
      "total": 908,
      "promoted": 115,
      "rate": 0.12665198237885464
    },
    "2": {
      "n": 2,
      "total": 116,
      "promoted": 15,
      "rate": 0.2669583118888317,
      "calibrated": true
    },
    "3": {
      "n": 3,
      "total": 17,
      "promoted": 4,
      "rate": 0.3518479033404406,
      "calibrated": true
    },
    "4": {
      "n": 4,
      "total": 7,
      "promoted": 3,
      "rate": 0.2572330654420207,
      "calibrated": true
    },
    "5": {
      "n": 5,
      "total": 3,
      "promoted": 2,
      "rate": 0.3152985074626865,
      "calibrated": true
    },
    "6": {
      "n": 6,
      "total": 2,
      "promoted": 1,
      "rate": 0.1630597014925373,
      "calibrated": true
    },
    "7": {
      "n": 7,
      "total": 1,
      "promoted": 1,
      "rate": 1.0
    },
    "8": {
      "n": 8,
      "total": 1,
      "promoted": 0,
      "rate": 0.0
    }
  },
  "stocks": [
    {
      "代码": "603898",
      "名称": "好莱客",
      "涨停原因": "AI智能家居+门店智能化升级+定制家居",
      "连板数": 2,
      "晋级概率": 0.3151478751044776,
      "封单占比": "58.5%",
      "大单封板": "强封",
      "弱转强": "否",
      "涨跌幅": "10.01%",
      "最新价": 15.27,
      "换手率": "1.89%",
      "封板资金": "5007.03万",
      "成交额": 85651945,
      "首次封板时间": "094010",
      "炸板次数": 0,
      "所属行业": "家居用品",
      "晋级概率_pct": 31.51,
      "题材簇": "AI/算力/机器人",
      "类似标的": "同线: 中鼎股份、欢瑞世纪 | 似近月龙头: 天娱数科"
    },
    {
      "代码": "600992",
      "名称": "贵绳股份",
      "涨停原因": "商业航天+钢丝绳龙头+国企改革",
      "连板数": 2,
      "晋级概率": 0.3151478751044776,
      "封单占比": "34.9%",
      "大单封板": "强封",
      "弱转强": "否",
      "涨跌幅": "10.02%",
      "最新价": 10.65,
      "换手率": "7.03%",
      "封板资金": "6199.90万",
      "成交额": 177555040,
      "首次封板时间": "100328",
      "炸板次数": 0,
      "所属行业": "通用设备",
      "晋级概率_pct": 31.51,
      "题材簇": "行业:通用设备",
      "类似标的": "-"
    },
    {
      "代码": "002829",
      "名称": "星网宇达",
      "涨停原因": "中报扭亏+商业航天+无人系统",
      "连板数": 2,
      "晋级概率": 0.2878934199797015,
      "封单占比": "19.7%",
      "大单封板": "是",
      "弱转强": "否",
      "涨跌幅": "9.98%",
      "最新价": 19.5,
      "换手率": "10.21%",
      "封板资金": "5518.90万",
      "成交额": 280119360,
      "首次封板时间": "095318",
      "炸板次数": 0,
      "所属行业": "航天装备",
      "晋级概率_pct": 28.79,
      "题材簇": "行业:航天装备",
      "类似标的": "-"
    },
    {
      "代码": "002346",
      "名称": "柘中股份",
      "涨停原因": "成套开关设备+集成电路+订单新高",
      "连板数": 2,
      "晋级概率": 0.2684593010149254,
      "封单占比": "35.6%",
      "大单封板": "强封",
      "弱转强": "是",
      "涨跌幅": "9.98%",
      "最新价": 21.81,
      "换手率": "2.43%",
      "封板资金": "7328.79万",
      "成交额": 205978125,
      "首次封板时间": "093036",
      "炸板次数": 1,
      "所属行业": "电网设备",
      "晋级概率_pct": 26.85,
      "题材簇": "行业:电网设备",
      "类似标的": "-"
    },
    {
      "代码": "002414",
      "名称": "高德红外",
      "涨停原因": "半年报预增+红外芯片+型号产品交付",
      "连板数": 2,
      "晋级概率": 0.24857342686567163,
      "封单占比": "3.6%",
      "大单封板": "否",
      "弱转强": "是",
      "涨跌幅": "9.99%",
      "最新价": 14.64,
      "换手率": "6.00%",
      "封板资金": "1.07亿",
      "成交额": 2979367024,
      "首次封板时间": "092500",
      "炸板次数": 5,
      "所属行业": "军工电子",
      "晋级概率_pct": 24.86,
      "题材簇": "行业:军工电子",
      "类似标的": "-"
    },
    {
      "代码": "000887",
      "名称": "中鼎股份",
      "涨停原因": "人形机器人+液冷服务器+汽车零部件",
      "连板数": 2,
      "晋级概率": 0.24857342686567163,
      "封单占比": "0.1%",
      "大单封板": "否",
      "弱转强": "是",
      "涨跌幅": "10.00%",
      "最新价": 20.68,
      "换手率": "8.25%",
      "封板资金": "278.16万",
      "成交额": 2234005904,
      "首次封板时间": "093203",
      "炸板次数": 24,
      "所属行业": "汽车零部",
      "晋级概率_pct": 24.86,
      "题材簇": "AI/算力/机器人",
      "类似标的": "同线: 好莱客、欢瑞世纪 | 似近月龙头: 天娱数科"
    },
    {
      "代码": "003020",
      "名称": "立方制药",
      "涨停原因": "基药目录新增+精麻药+缓控释制剂",
      "连板数": 2,
      "晋级概率": 0.24857342686567163,
      "封单占比": "11.0%",
      "大单封板": "否",
      "弱转强": "是",
      "涨跌幅": "9.98%",
      "最新价": 18.74,
      "换手率": "10.58%",
      "封板资金": "3583.61万",
      "成交额": 324444112,
      "首次封板时间": "094812",
      "炸板次数": 2,
      "所属行业": "化学制药",
      "晋级概率_pct": 24.86,
      "题材簇": "医药/创新药",
      "类似标的": "-"
    },
    {
      "代码": "000892",
      "名称": "欢瑞世纪",
      "涨停原因": "互动影游+AI应用+短剧",
      "连板数": 2,
      "晋级概率": 0.24857342686567163,
      "封单占比": "5.3%",
      "大单封板": "否",
      "弱转强": "是",
      "涨跌幅": "9.95%",
      "最新价": 4.2,
      "换手率": "20.22%",
      "封板资金": "3053.61万",
      "成交额": 575396784,
      "首次封板时间": "100330",
      "炸板次数": 1,
      "所属行业": "影视院线",
      "晋级概率_pct": 24.86,
      "题材簇": "AI/算力/机器人",
      "类似标的": "同线: 中鼎股份、好莱客 | 似近月龙头: 天娱数科"
    },
    {
      "代码": "001395",
      "名称": "亚联机械",
      "涨停原因": "2026中报预增+人造板装备+海外业务",
      "连板数": 2,
      "晋级概率": 0.24524254294567163,
      "封单占比": "16.6%",
      "大单封板": "是",
      "弱转强": "是",
      "涨跌幅": "9.99%",
      "最新价": 28.63,
      "换手率": "7.30%",
      "封板资金": "1794.04万",
      "成交额": 107968402,
      "首次封板时间": "093145",
      "炸板次数": 2,
      "所属行业": "专用设备",
      "晋级概率_pct": 24.52,
      "题材簇": "行业:专用设备",
      "类似标的": "-"
    }
  ],
  "by_boards": {
    "2": [
      {
        "代码": "603898",
        "名称": "好莱客",
        "涨停原因": "AI智能家居+门店智能化升级+定制家居",
        "连板数": 2,
        "晋级概率": 0.3151478751044776,
        "封单占比": "58.5%",
        "大单封板": "强封",
        "弱转强": "否",
        "涨跌幅": "10.01%",
        "最新价": 15.27,
        "换手率": "1.89%",
        "封板资金": "5007.03万",
        "成交额": 85651945,
        "首次封板时间": "094010",
        "炸板次数": 0,
        "所属行业": "家居用品",
        "晋级概率_pct": 31.51,
        "题材簇": "AI/算力/机器人",
        "类似标的": "同线: 中鼎股份、欢瑞世纪 | 似近月龙头: 天娱数科"
      },
      {
        "代码": "600992",
        "名称": "贵绳股份",
        "涨停原因": "商业航天+钢丝绳龙头+国企改革",
        "连板数": 2,
        "晋级概率": 0.3151478751044776,
        "封单占比": "34.9%",
        "大单封板": "强封",
        "弱转强": "否",
        "涨跌幅": "10.02%",
        "最新价": 10.65,
        "换手率": "7.03%",
        "封板资金": "6199.90万",
        "成交额": 177555040,
        "首次封板时间": "100328",
        "炸板次数": 0,
        "所属行业": "通用设备",
        "晋级概率_pct": 31.51,
        "题材簇": "行业:通用设备",
        "类似标的": "-"
      },
      {
        "代码": "002829",
        "名称": "星网宇达",
        "涨停原因": "中报扭亏+商业航天+无人系统",
        "连板数": 2,
        "晋级概率": 0.2878934199797015,
        "封单占比": "19.7%",
        "大单封板": "是",
        "弱转强": "否",